"modelo","OR_negro","CI_low","CI_high","AME_negro","ICC_UPA","LL","AIC"
"M1_GLMM_full",0.70448658103069,0.693726055489226,0.715414015266173,-0.0129572402419942,0.262400016409241,-357204.970888507,714429.941777014
"M2_GLMM_full",0.746727629864783,0.735276070666016,0.758357541404004,-0.0107310511048556,0.225169446727386,-355308.282211062,710640.564422123
