Grupo,N,N_UPAs,τ²_UPA,σ²_residual,ICC_UPA,R²m (M0),R²c (M0)
Brancos,92275,5194,0.06142,0.48478,0.1124,0.0786,0.1822
Negros,224319,12416,0.08791,0.51339,0.1462,0.1407,0.2663
