grupo,negro,mulher,superior,n_obs,log_renda_pred,log_renda_obs,renda_pred_exp
Homem Branco Com Superior,0,0,1,434348,7.094351398296495,7.285963766891274,1205.1404537928986
Homem Negro Com Superior,1,0,1,858823,7.036068048604457,6.958276374524422,1136.9085375478123
Homem Branco Sem Superior,0,0,0,145241,7.0160286094898465,7.192853339817046,1114.3522902411305
Homem Negro Sem Superior,1,0,0,213101,6.90406838624476,6.784798002791928,996.31989550658
Mulher Branca Com Superior,0,1,1,201656,6.671781149298996,6.916170832023752,789.8011060733779
Mulher Negra Com Superior,1,1,1,356507,6.639440918591193,6.623368325410133,764.6673621848328
Mulher Branca Sem Superior,0,1,0,61486,6.5394260518849,6.762633735525644,691.8893554633962
Mulher Negra Sem Superior,1,1,0,86689,6.496836847221335,6.440603194921959,663.0410124829605
