k,inertia,silhouette,davies_bouldin
2,17502195.04244539,0.18025277034310247,1.9537493313919199
3,15528093.712732507,0.1892481907380404,1.732602134288596
4,14078973.647469161,0.17407542604641785,1.767025253123449
5,13219951.995940477,0.14652780044017735,1.734488670607373
6,13009952.993351448,0.13285900009372267,1.8547921818384732
7,11733508.175393635,0.14728382696163372,1.72729683835779
8,11150757.588897036,0.15056671767969323,1.6688796095166973
