regiao,n_obs,n_ufs,beta_negro,se_negro,pval,gap_pct,icc_uf,var_uf,var_res,aic
Norte,981871,7,-0.13618251673655715,0.002105944505237927,0.0,-12.731666136275132,0.012598777437916119,0.008400548878443475,0.6583743758981431,
Nordeste,2077012,9,-0.09731323180943519,0.001436524146777797,0.0,-9.272822475928988,0.008065050218788103,0.005913969449914069,0.727369679068115,
Sudeste,2235954,4,-0.09108433625005788,0.0010788631458430373,0.0,-8.705928634383287,0.004374533650400566,0.0023529355223990264,0.5355182321124811,
Sul,1508151,3,-0.10283786297335487,0.0014580454035832656,0.0,-9.77267464749617,0.0020362498118697845,0.0010220388769320255,0.5009001078922501,
Centro-Oeste,886438,4,-0.11058449915346548,0.0016884470023915948,0.0,-10.468932600095249,0.05812925945245307,0.032667376648605605,0.5293108242835074,
