area_tipo,n_total,n_negros,n_brancos,gap_log,gap_pct,ci_lo_log,ci_hi_log,ci_lo_pct,ci_hi_pct,se_boot,p_permut_cap_int
Capital,201887,121000,80887,-0.488326,-38.6347,-0.496862,-0.479412,-39.1563,-38.0853,0.004307,0.0
"RM (exceto
capital)",102633,62131,40502,-0.330514,-28.1446,-0.340108,-0.32068,-28.8307,-27.4344,0.00516,
Interior,467236,260282,206954,-0.452074,-36.3693,-0.457023,-0.447074,-36.6834,-36.0503,0.002529,
