Ano;trim;UF;Habitual;Efetivo
2012;01-02-03;11;2,190739357;2,202504853
2012;02-03-04;11;2,177888517;2,190739357
2012;03-04-05;11;2,166401596;2,177888517
2012;04-05-06;11;2,156148905;2,166401596
2012;05-06-07;11;2,149811407;2,156148905
2012;06-07-08;11;2,141439122;2,149811407
2012;07-08-09;11;2,129678938;2,141439122
2012;08-09-10;11;2,112393929;2,129678938
2012;09-10-11;11;2,091442682;2,112393929
2012;10-11-12;11;2,068564788;2,091442682
2012;11-12-01;11;2,045692223;2,068564788
2012;12-01-02;11;2,027702354;2,045692223
2013;01-02-03;11;2,011436183;2,027702354
2013;02-03-04;11;1,998059926;2,011436183
2013;03-04-05;11;1,989641993;1,998059926
2013;04-05-06;11;1,986932375;1,989641993
2013;05-06-07;11;1,988042657;1,986932375
2013;06-07-08;11;1,985372135;1,988042657
2013;07-08-09;11;1,981112454;1,985372135
2013;08-09-10;11;1,97346218;1,981112454
2013;09-10-11;11;1,965140298;1,97346218
2013;10-11-12;11;1,953889245;1,965140298
2013;11-12-01;11;1,943176827;1,953889245
2013;12-01-02;11;1,933455925;1,943176827
2014;01-02-03;11;1,924383323;1,933455925
2014;02-03-04;11;1,915278417;1,924383323
2014;03-04-05;11;1,903585856;1,915278417
2014;04-05-06;11;1,894029444;1,903585856
2014;05-06-07;11;1,887899311;1,894029444
2014;06-07-08;11;1,880571034;1,887899311
2014;07-08-09;11;1,871644749;1,880571034
2014;08-09-10;11;1,860890079;1,871644749
2014;09-10-11;11;1,851553954;1,860890079
2014;10-11-12;11;1,839021593;1,851553954
2014;11-12-01;11;1,822175116;1,839021593
2014;12-01-02;11;1,803609763;1,822175116
2015;01-02-03;11;1,787746491;1,803609763
2015;02-03-04;11;1,772766883;1,787746491
2015;03-04-05;11;1,759136856;1,772766883
2015;04-05-06;11;1,743064401;1,759136856
2015;05-06-07;11;1,732701933;1,743064401
2015;06-07-08;11;1,725453844;1,732701933
2015;07-08-09;11;1,72329066;1,725453844
2015;08-09-10;11;1,714585424;1,72329066
2015;09-10-11;11;1,700679617;1,714585424
2015;10-11-12;11;1,679902144;1,700679617
2015;11-12-01;11;1,659482411;1,679902144
2015;12-01-02;11;1,64003611;1,659482411
2016;01-02-03;11;1,625424605;1,64003611
2016;02-03-04;11;1,611760589;1,625424605
2016;03-04-05;11;1,600887598;1,611760589
2016;04-05-06;11;1,590155659;1,600887598
2016;05-06-07;11;1,580378559;1,590155659
2016;06-07-08;11;1,572568309;1,580378559
2016;07-08-09;11;1,565905206;1,572568309
2016;08-09-10;11;1,56037326;1,565905206
2016;09-10-11;11;1,55686614;1,56037326
2016;10-11-12;11;1,553923892;1,55686614
2016;11-12-01;11;1,551709644;1,553923892
2016;12-01-02;11;1,546962741;1,551709644
2017;01-02-03;11;1,54260905;1,546962741
2017;02-03-04;11;1,539721784;1,54260905
2017;03-04-05;11;1,539274813;1,539721784
2017;04-05-06;11;1,539921963;1,539274813
2017;05-06-07;11;1,540483041;1,539921963
2017;06-07-08;11;1,541513231;1,540483041
2017;07-08-09;11;1,540391216;1,541513231
2017;08-09-10;11;1,538186837;1,540391216
2017;09-10-11;11;1,53459584;1,538186837
2017;10-11-12;11;1,533618076;1,53459584
2017;11-12-01;11;1,533834714;1,533618076
2017;12-01-02;11;1,531415792;1,533834714
2018;01-02-03;11;1,527960947;1,531415792
2018;02-03-04;11;1,523148252;1,527960947
2018;03-04-05;11;1,519752184;1,523148252
2018;04-05-06;11;1,512995138;1,519752184
2018;05-06-07;11;1,507823892;1,512995138
2018;06-07-08;11;1,50457737;1,507823892
2018;07-08-09;11;1,504331043;1,50457737
2018;08-09-10;11;1,50158837;1,504331043
2018;09-10-11;11;1,498443098;1,50158837
2018;10-11-12;11;1,493321409;1,498443098
2018;11-12-01;11;1,489592566;1,493321409
2018;12-01-02;11;1,481182578;1,489592566
2019;01-02-03;11;1,472730094;1,481182578
2019;02-03-04;11;1,462855851;1,472730094
2019;03-04-05;11;1,457100144;1,462855851
2019;04-05-06;11;1,453188102;1,457100144
2019;05-06-07;11;1,451962666;1,453188102
2019;06-07-08;11;1,452088191;1,451962666
2019;07-08-09;11;1,452380847;1,452088191
2019;08-09-10;11;1,4518137;1,452380847
2019;09-10-11;11;1,445988309;1,4518137
2019;10-11-12;11;1,432697583;1,445988309
2019;11-12-01;11;1,418913761;1,432697583
2019;12-01-02;11;1,40844538;1,418913761
2020;01-02-03;11;1,406440776;1,40844538
2020;02-03-04;11;1,406801464;1,406440776
2020;03-04-05;11;1,410082781;1,406801464
2020;04-05-06;11;1,413381141;1,410082781
2020;05-06-07;11;1,412490323;1,413381141
2020;06-07-08;11;1,409716103;1,412490323
2020;07-08-09;11;1,401723501;1,409716103
2020;08-09-10;11;1,391565208;1,401723501
2020;09-10-11;11;1,379129939;1,391565208
2020;10-11-12;11;1,364396738;1,379129939
2020;11-12-01;11;1,355185792;1,364396738
2020;12-01-02;11;1,342327386;1,355185792
2021;01-02-03;11;1,332565484;1,342327386
2021;02-03-04;11;1,319793792;1,332565484
2021;03-04-05;11;1,310830468;1,319793792
2021;04-05-06;11;1,304217281;1,310830468
2021;05-06-07;11;1,296966444;1,304217281
2021;06-07-08;11;1,288822878;1,296966444
2021;07-08-09;11;1,277337496;1,288822878
2021;08-09-10;11;1,266822866;1,277337496
2021;09-10-11;11;1,259306878;1,266822866
2021;10-11-12;11;1,252279209;1,259306878
2021;11-12-01;11;1,245291108;1,252279209
2021;12-01-02;11;1,234570584;1,245291108
2022;01-02-03;11;1,22193013;1,234570584
2022;02-03-04;11;1,207402282;1,22193013
2022;03-04-05;11;1,195538862;1,207402282
2022;04-05-06;11;1,188300003;1,195538862
2022;05-06-07;11;1,190724262;1,188300003
2022;06-07-08;11;1,194016111;1,190724262
2022;07-08-09;11;1,198643353;1,194016111
2022;08-09-10;11;1,196193132;1,198643353
2022;09-10-11;11;1,193867974;1,196193132
2022;10-11-12;11;1,187225915;1,193867974
2022;11-12-01;11;1,180907176;1,187225915
2022;12-01-02;11;1,171831824;1,180907176
2023;01-02-03;11;1,163815548;1,171831824
2023;02-03-04;11;1,155338529;1,163815548
2023;03-04-05;11;1,149947527;1,155338529
2023;04-05-06;11;1,148151915;1,149947527
2023;05-06-07;11;1,147512997;1,148151915
2023;06-07-08;11;1,144670144;1,147512997
2023;07-08-09;11;1,139651533;1,144670144
2023;08-09-10;11;1,135755977;1,139651533
2023;09-10-11;11;1,133678886;1,135755977
2023;10-11-12;11;1,130474924;1,133678886
2023;11-12-01;11;1,124432017;1,130474924
2023;12-01-02;11;1,116508516;1,124432017
2024;01-02-03;11;1,109503992;1,116508516
2024;02-03-04;11;1,104106906;1,109503992
2024;03-04-05;11;1,100605147;1,104106906
2024;04-05-06;11;1,098440464;1,100605147
2024;05-06-07;11;1,095944418;1,098440464
2024;06-07-08;11;1,095344495;1,095944418
2024;07-08-09;11;1,094429974;1,095344495
2024;08-09-10;11;1,092191944;1,094429974
2024;09-10-11;11;1,086777189;1,092191944
2024;10-11-12;11;1,079995117;1,086777189
2024;11-12-01;11;1,075389294;1,079995117
2024;12-01-02;11;1,067300934;1,075389294
2025;01-02-03;11;1,060270298;1,067300934
2025;02-03-04;11;1,052314907;1,060270298
2025;03-04-05;11;1,047442879;1,052314907
2025;04-05-06;11;1,043093208;1,047442879
2025;05-06-07;11;1,040511876;1,043093208
2025;06-07-08;11;1,040500945;1,040511876
2025;07-08-09;11;1,040184314;1,040500945
2025;08-09-10;11;1,038840256;1,040184314
2025;09-10-11;11;1,036606773;1,038840256
2025;10-11-12;11;1,035513473;1,036606773
2025;11-12-01;11;1,034505574;1,035513473
2025;12-01-02;11;1,031913032;1,034505574
2026;01-02-03;11;1,025001;1,031913032
2026;02-03-04;11;1,015403523;1,025001
2026;03-04-05;11;1,005772976;1,015403523
2026;04-05-06;11;1;1,005772976
2012;01-02-03;12;2,243666492;2,255716236
2012;02-03-04;12;2,230505182;2,243666492
2012;03-04-05;12;2,218740743;2,230505182
2012;04-05-06;12;2,208240351;2,218740743
2012;05-06-07;12;2,201749743;2,208240351
2012;06-07-08;12;2,193175188;2,201749743
2012;07-08-09;12;2,181130884;2,193175188
2012;08-09-10;12;2,163428278;2,181130884
2012;09-10-11;12;2,14197086;2,163428278
2012;10-11-12;12;2,118540247;2,14197086
2012;11-12-01;12;2,095115093;2,118540247
2012;12-01-02;12;2,076690598;2,095115093
2013;01-02-03;12;2,060031445;2,076690598
2013;02-03-04;12;2,046332024;2,060031445
2013;03-04-05;12;2,037710718;2,046332024
2013;04-05-06;12;2,034935638;2,037710718
2013;05-06-07;12;2,036072743;2,034935638
2013;06-07-08;12;2,033337703;2,036072743
2013;07-08-09;12;2,02897511;2,033337703
2013;08-09-10;12;2,02114001;2,02897511
2013;09-10-11;12;2,012617075;2,02114001
2013;10-11-12;12;2,001094203;2,012617075
2013;11-12-01;12;1,990122978;2,001094203
2013;12-01-02;12;1,980167224;1,990122978
2014;01-02-03;12;1,970875432;1,980167224
2014;02-03-04;12;1,961550556;1,970875432
2014;03-04-05;12;1,94957551;1,961550556
2014;04-05-06;12;1,939788219;1,94957551
2014;05-06-07;12;1,933509985;1,939788219
2014;06-07-08;12;1,926004661;1,933509985
2014;07-08-09;12;1,916862722;1,926004661
2014;08-09-10;12;1,905848225;1,916862722
2014;09-10-11;12;1,896286544;1,905848225
2014;10-11-12;12;1,883451408;1,896286544
2014;11-12-01;12;1,866197928;1,883451408
2014;12-01-02;12;1,847184045;1,866197928
2015;01-02-03;12;1,830937525;1,847184045
2015;02-03-04;12;1,815596018;1,830937525
2015;03-04-05;12;1,801636697;1,815596018
2015;04-05-06;12;1,785175939;1,801636697
2015;05-06-07;12;1,774563119;1,785175939
2015;06-07-08;12;1,76713992;1,774563119
2015;07-08-09;12;1,764924475;1,76713992
2015;08-09-10;12;1,756008925;1,764924475
2015;09-10-11;12;1,74176716;1,756008925
2015;10-11-12;12;1,720487715;1,74176716
2015;11-12-01;12;1,699574651;1,720487715
2015;12-01-02;12;1,679658537;1,699574651
2016;01-02-03;12;1,664694026;1,679658537
2016;02-03-04;12;1,650699895;1,664694026
2016;03-04-05;12;1,639564217;1,650699895
2016;04-05-06;12;1,628573001;1,639564217
2016;05-06-07;12;1,618559691;1,628573001
2016;06-07-08;12;1,610560749;1,618559691
2016;07-08-09;12;1,603736669;1,610560749
2016;08-09-10;12;1,598071074;1,603736669
2016;09-10-11;12;1,594479223;1,598071074
2016;10-11-12;12;1,591465893;1,594479223
2016;11-12-01;12;1,58919815;1,591465893
2016;12-01-02;12;1,584336564;1,58919815
2017;01-02-03;12;1,57987769;1,584336564
2017;02-03-04;12;1,576920669;1,57987769
2017;03-04-05;12;1,5764629;1,576920669
2017;04-05-06;12;1,577125684;1,5764629
2017;05-06-07;12;1,577700317;1,577125684
2017;06-07-08;12;1,578755396;1,577700317
2017;07-08-09;12;1,577606274;1,578755396
2017;08-09-10;12;1,575348639;1,577606274
2017;09-10-11;12;1,571670885;1,575348639
2017;10-11-12;12;1,570669499;1,571670885
2017;11-12-01;12;1,570891371;1,570669499
2017;12-01-02;12;1,568414009;1,570891371
2018;01-02-03;12;1,564875696;1,568414009
2018;02-03-04;12;1,55994673;1,564875696
2018;03-04-05;12;1,555876705;1,55994673
2018;04-05-06;12;1,548020393;1,555876705
2018;05-06-07;12;1,539415629;1,548020393
2018;06-07-08;12;1,531612397;1,539415629
2018;07-08-09;12;1,525587336;1,531612397
2018;08-09-10;12;1,519542153;1,525587336
2018;09-10-11;12;1,51541025;1,519542153
2018;10-11-12;12;1,510205414;1,51541025
2018;11-12-01;12;1,508046359;1,510205414
2018;12-01-02;12;1,499722111;1,508046359
2019;01-02-03;12;1,490699953;1,499722111
2019;02-03-04;12;1,481076584;1,490699953
2019;03-04-05;12;1,473680631;1,481076584
2019;04-05-06;12;1,470837361;1,473680631
2019;05-06-07;12;1,469290328;1,470837361
2019;06-07-08;12;1,47053297;1,469290328
2019;07-08-09;12;1,469614113;1,47053297
2019;08-09-10;12;1,468352918;1,469614113
2019;09-10-11;12;1,464053615;1,468352918
2019;10-11-12;12;1,458304521;1,464053615
2019;11-12-01;12;1,452963655;1,458304521
2019;12-01-02;12;1,44874795;1,452963655
2020;01-02-03;12;1,447358229;1,44874795
2020;02-03-04;12;1,447401621;1,447358229
2020;03-04-05;12;1,451390673;1,447401621
2020;04-05-06;12;1,454451736;1,451390673
2020;05-06-07;12;1,451438414;1,454451736
2020;06-07-08;12;1,444245792;1,451438414
2020;07-08-09;12;1,432398923;1,444245792
2020;08-09-10;12;1,417702679;1,432398923
2020;09-10-11;12;1,400615766;1,417702679
2020;10-11-12;12;1,382908944;1,400615766
2020;11-12-01;12;1,369639197;1,382908944
2020;12-01-02;12;1,356681087;1,369639197
2021;01-02-03;12;1,345633151;1,356681087
2021;02-03-04;12;1,332417002;1,345633151
2021;03-04-05;12;1,319873189;1,332417002
2021;04-05-06;12;1,308260097;1,319873189
2021;05-06-07;12;1,298034905;1,308260097
2021;06-07-08;12;1,289540885;1,298034905
2021;07-08-09;12;1,277766808;1,289540885
2021;08-09-10;12;1,264752733;1,277766808
2021;09-10-11;12;1,250762802;1,264752733
2021;10-11-12;12;1,238403529;1,250762802
2021;11-12-01;12;1,22665347;1,238403529
2021;12-01-02;12;1,214598829;1,22665347
2022;01-02-03;12;1,20196951;1,214598829
2022;02-03-04;12;1,189364174;1,20196951
2022;03-04-05;12;1,179734542;1,189364174
2022;04-05-06;12;1,172261412;1,179734542
2022;05-06-07;12;1,171936822;1,172261412
2022;06-07-08;12;1,173746843;1,171936822
2022;07-08-09;12;1,179102607;1,173746843
2022;08-09-10;12;1,179094645;1,179102607
2022;09-10-11;12;1,177274718;1,179094645
2022;10-11-12;12;1,169928748;1,177274718
2022;11-12-01;12;1,161749604;1,169928748
2022;12-01-02;12;1,15244408;1,161749604
2023;01-02-03;12;1,146129807;1,15244408
2023;02-03-04;12;1,139943762;1,146129807
2023;03-04-05;12;1,13437485;1,139943762
2023;04-05-06;12;1,132758955;1,13437485
2023;05-06-07;12;1,132386218;1,132758955
2023;06-07-08;12;1,131453414;1,132386218
2023;07-08-09;12;1,126908034;1,131453414
2023;08-09-10;12;1,122434379;1,126908034
2023;09-10-11;12;1,119445839;1,122434379
2023;10-11-12;12;1,114834699;1,119445839
2023;11-12-01;12;1,109016052;1,114834699
2023;12-01-02;12;1,102468362;1,109016052
2024;01-02-03;12;1,098584303;1,102468362
2024;02-03-04;12;1,096458065;1,098584303
2024;03-04-05;12;1,094587307;1,096458065
2024;04-05-06;12;1,092141897;1,094587307
2024;05-06-07;12;1,088319298;1,092141897
2024;06-07-08;12;1,085947576;1,088319298
2024;07-08-09;12;1,082104775;1,085947576
2024;08-09-10;12;1,078182583;1,082104775
2024;09-10-11;12;1,07024964;1,078182583
2024;10-11-12;12;1,063145585;1,07024964
2024;11-12-01;12;1,05926302;1,063145585
2024;12-01-02;12;1,054893522;1,05926302
2025;01-02-03;12;1,051439881;1,054893522
2025;02-03-04;12;1,044914908;1,051439881
2025;03-04-05;12;1,04207901;1,044914908
2025;04-05-06;12;1,037989981;1,04207901
2025;05-06-07;12;1,036325397;1,037989981
2025;06-07-08;12;1,034934115;1,036325397
2025;07-08-09;12;1,034154119;1,034934115
2025;08-09-10;12;1,032500501;1,034154119
2025;09-10-11;12;1,030078492;1,032500501
2025;10-11-12;12;1,027212054;1,030078492
2025;11-12-01;12;1,02192561;1,027212054
2025;12-01-02;12;1,016959058;1,02192561
2026;01-02-03;12;1,01275624;1,016959058
2026;02-03-04;12;1,009412679;1,01275624
2026;03-04-05;12;1,004571802;1,009412679
2026;04-05-06;12;1;1,004571802
2012;01-02-03;13;2,190739357;2,202504853
2012;02-03-04;13;2,177888517;2,190739357
2012;03-04-05;13;2,166401596;2,177888517
2012;04-05-06;13;2,156148905;2,166401596
2012;05-06-07;13;2,149811407;2,156148905
2012;06-07-08;13;2,141439122;2,149811407
2012;07-08-09;13;2,129678938;2,141439122
2012;08-09-10;13;2,112393929;2,129678938
2012;09-10-11;13;2,091442682;2,112393929
2012;10-11-12;13;2,068564788;2,091442682
2012;11-12-01;13;2,045692223;2,068564788
2012;12-01-02;13;2,027702354;2,045692223
2013;01-02-03;13;2,011436183;2,027702354
2013;02-03-04;13;1,998059926;2,011436183
2013;03-04-05;13;1,989641993;1,998059926
2013;04-05-06;13;1,986932375;1,989641993
2013;05-06-07;13;1,988042657;1,986932375
2013;06-07-08;13;1,985372135;1,988042657
2013;07-08-09;13;1,981112454;1,985372135
2013;08-09-10;13;1,97346218;1,981112454
2013;09-10-11;13;1,965140298;1,97346218
2013;10-11-12;13;1,953889245;1,965140298
2013;11-12-01;13;1,943176827;1,953889245
2013;12-01-02;13;1,933455925;1,943176827
2014;01-02-03;13;1,924383323;1,933455925
2014;02-03-04;13;1,915278417;1,924383323
2014;03-04-05;13;1,903585856;1,915278417
2014;04-05-06;13;1,894029444;1,903585856
2014;05-06-07;13;1,887899311;1,894029444
2014;06-07-08;13;1,880571034;1,887899311
2014;07-08-09;13;1,871644749;1,880571034
2014;08-09-10;13;1,860890079;1,871644749
2014;09-10-11;13;1,851553954;1,860890079
2014;10-11-12;13;1,839021593;1,851553954
2014;11-12-01;13;1,822175116;1,839021593
2014;12-01-02;13;1,803609763;1,822175116
2015;01-02-03;13;1,787746491;1,803609763
2015;02-03-04;13;1,772766883;1,787746491
2015;03-04-05;13;1,759136856;1,772766883
2015;04-05-06;13;1,743064401;1,759136856
2015;05-06-07;13;1,732701933;1,743064401
2015;06-07-08;13;1,725453844;1,732701933
2015;07-08-09;13;1,72329066;1,725453844
2015;08-09-10;13;1,714585424;1,72329066
2015;09-10-11;13;1,700679617;1,714585424
2015;10-11-12;13;1,679902144;1,700679617
2015;11-12-01;13;1,659482411;1,679902144
2015;12-01-02;13;1,64003611;1,659482411
2016;01-02-03;13;1,625424605;1,64003611
2016;02-03-04;13;1,611760589;1,625424605
2016;03-04-05;13;1,600887598;1,611760589
2016;04-05-06;13;1,590155659;1,600887598
2016;05-06-07;13;1,580378559;1,590155659
2016;06-07-08;13;1,572568309;1,580378559
2016;07-08-09;13;1,565905206;1,572568309
2016;08-09-10;13;1,56037326;1,565905206
2016;09-10-11;13;1,55686614;1,56037326
2016;10-11-12;13;1,553923892;1,55686614
2016;11-12-01;13;1,551709644;1,553923892
2016;12-01-02;13;1,546962741;1,551709644
2017;01-02-03;13;1,54260905;1,546962741
2017;02-03-04;13;1,539721784;1,54260905
2017;03-04-05;13;1,539274813;1,539721784
2017;04-05-06;13;1,539921963;1,539274813
2017;05-06-07;13;1,540483041;1,539921963
2017;06-07-08;13;1,541513231;1,540483041
2017;07-08-09;13;1,540391216;1,541513231
2017;08-09-10;13;1,538186837;1,540391216
2017;09-10-11;13;1,53459584;1,538186837
2017;10-11-12;13;1,533618076;1,53459584
2017;11-12-01;13;1,533834714;1,533618076
2017;12-01-02;13;1,531415792;1,533834714
2018;01-02-03;13;1,527960947;1,531415792
2018;02-03-04;13;1,523148252;1,527960947
2018;03-04-05;13;1,519752184;1,523148252
2018;04-05-06;13;1,512995138;1,519752184
2018;05-06-07;13;1,507823892;1,512995138
2018;06-07-08;13;1,50457737;1,507823892
2018;07-08-09;13;1,504331043;1,50457737
2018;08-09-10;13;1,50158837;1,504331043
2018;09-10-11;13;1,498443098;1,50158837
2018;10-11-12;13;1,493321409;1,498443098
2018;11-12-01;13;1,489592566;1,493321409
2018;12-01-02;13;1,481182578;1,489592566
2019;01-02-03;13;1,472730094;1,481182578
2019;02-03-04;13;1,462855851;1,472730094
2019;03-04-05;13;1,457100144;1,462855851
2019;04-05-06;13;1,453188102;1,457100144
2019;05-06-07;13;1,451962666;1,453188102
2019;06-07-08;13;1,452088191;1,451962666
2019;07-08-09;13;1,452380847;1,452088191
2019;08-09-10;13;1,4518137;1,452380847
2019;09-10-11;13;1,445988309;1,4518137
2019;10-11-12;13;1,432697583;1,445988309
2019;11-12-01;13;1,418913761;1,432697583
2019;12-01-02;13;1,40844538;1,418913761
2020;01-02-03;13;1,406440776;1,40844538
2020;02-03-04;13;1,406801464;1,406440776
2020;03-04-05;13;1,410082781;1,406801464
2020;04-05-06;13;1,413381141;1,410082781
2020;05-06-07;13;1,412490323;1,413381141
2020;06-07-08;13;1,409716103;1,412490323
2020;07-08-09;13;1,401723501;1,409716103
2020;08-09-10;13;1,391565208;1,401723501
2020;09-10-11;13;1,379129939;1,391565208
2020;10-11-12;13;1,364396738;1,379129939
2020;11-12-01;13;1,355185792;1,364396738
2020;12-01-02;13;1,342327386;1,355185792
2021;01-02-03;13;1,332565484;1,342327386
2021;02-03-04;13;1,319793792;1,332565484
2021;03-04-05;13;1,310830468;1,319793792
2021;04-05-06;13;1,304217281;1,310830468
2021;05-06-07;13;1,296966444;1,304217281
2021;06-07-08;13;1,288822878;1,296966444
2021;07-08-09;13;1,277337496;1,288822878
2021;08-09-10;13;1,266822866;1,277337496
2021;09-10-11;13;1,259306878;1,266822866
2021;10-11-12;13;1,252279209;1,259306878
2021;11-12-01;13;1,245291108;1,252279209
2021;12-01-02;13;1,234570584;1,245291108
2022;01-02-03;13;1,22193013;1,234570584
2022;02-03-04;13;1,207402282;1,22193013
2022;03-04-05;13;1,195538862;1,207402282
2022;04-05-06;13;1,188300003;1,195538862
2022;05-06-07;13;1,190724262;1,188300003
2022;06-07-08;13;1,194016111;1,190724262
2022;07-08-09;13;1,198643353;1,194016111
2022;08-09-10;13;1,196193132;1,198643353
2022;09-10-11;13;1,193867974;1,196193132
2022;10-11-12;13;1,187225915;1,193867974
2022;11-12-01;13;1,180907176;1,187225915
2022;12-01-02;13;1,171831824;1,180907176
2023;01-02-03;13;1,163815548;1,171831824
2023;02-03-04;13;1,155338529;1,163815548
2023;03-04-05;13;1,149947527;1,155338529
2023;04-05-06;13;1,148151915;1,149947527
2023;05-06-07;13;1,147512997;1,148151915
2023;06-07-08;13;1,144670144;1,147512997
2023;07-08-09;13;1,139651533;1,144670144
2023;08-09-10;13;1,135755977;1,139651533
2023;09-10-11;13;1,133678886;1,135755977
2023;10-11-12;13;1,130474924;1,133678886
2023;11-12-01;13;1,124432017;1,130474924
2023;12-01-02;13;1,116508516;1,124432017
2024;01-02-03;13;1,109503992;1,116508516
2024;02-03-04;13;1,104106906;1,109503992
2024;03-04-05;13;1,100605147;1,104106906
2024;04-05-06;13;1,098440464;1,100605147
2024;05-06-07;13;1,095944418;1,098440464
2024;06-07-08;13;1,095344495;1,095944418
2024;07-08-09;13;1,094429974;1,095344495
2024;08-09-10;13;1,092191944;1,094429974
2024;09-10-11;13;1,086777189;1,092191944
2024;10-11-12;13;1,079995117;1,086777189
2024;11-12-01;13;1,075389294;1,079995117
2024;12-01-02;13;1,067300934;1,075389294
2025;01-02-03;13;1,060270298;1,067300934
2025;02-03-04;13;1,052314907;1,060270298
2025;03-04-05;13;1,047442879;1,052314907
2025;04-05-06;13;1,043093208;1,047442879
2025;05-06-07;13;1,040511876;1,043093208
2025;06-07-08;13;1,040500945;1,040511876
2025;07-08-09;13;1,040184314;1,040500945
2025;08-09-10;13;1,038840256;1,040184314
2025;09-10-11;13;1,036606773;1,038840256
2025;10-11-12;13;1,035513473;1,036606773
2025;11-12-01;13;1,034505574;1,035513473
2025;12-01-02;13;1,031913032;1,034505574
2026;01-02-03;13;1,025001;1,031913032
2026;02-03-04;13;1,015403523;1,025001
2026;03-04-05;13;1,005772976;1,015403523
2026;04-05-06;13;1;1,005772976
2012;01-02-03;14;2,190739357;2,202504853
2012;02-03-04;14;2,177888517;2,190739357
2012;03-04-05;14;2,166401596;2,177888517
2012;04-05-06;14;2,156148905;2,166401596
2012;05-06-07;14;2,149811407;2,156148905
2012;06-07-08;14;2,141439122;2,149811407
2012;07-08-09;14;2,129678938;2,141439122
2012;08-09-10;14;2,112393929;2,129678938
2012;09-10-11;14;2,091442682;2,112393929
2012;10-11-12;14;2,068564788;2,091442682
2012;11-12-01;14;2,045692223;2,068564788
2012;12-01-02;14;2,027702354;2,045692223
2013;01-02-03;14;2,011436183;2,027702354
2013;02-03-04;14;1,998059926;2,011436183
2013;03-04-05;14;1,989641993;1,998059926
2013;04-05-06;14;1,986932375;1,989641993
2013;05-06-07;14;1,988042657;1,986932375
2013;06-07-08;14;1,985372135;1,988042657
2013;07-08-09;14;1,981112454;1,985372135
2013;08-09-10;14;1,97346218;1,981112454
2013;09-10-11;14;1,965140298;1,97346218
2013;10-11-12;14;1,953889245;1,965140298
2013;11-12-01;14;1,943176827;1,953889245
2013;12-01-02;14;1,933455925;1,943176827
2014;01-02-03;14;1,924383323;1,933455925
2014;02-03-04;14;1,915278417;1,924383323
2014;03-04-05;14;1,903585856;1,915278417
2014;04-05-06;14;1,894029444;1,903585856
2014;05-06-07;14;1,887899311;1,894029444
2014;06-07-08;14;1,880571034;1,887899311
2014;07-08-09;14;1,871644749;1,880571034
2014;08-09-10;14;1,860890079;1,871644749
2014;09-10-11;14;1,851553954;1,860890079
2014;10-11-12;14;1,839021593;1,851553954
2014;11-12-01;14;1,822175116;1,839021593
2014;12-01-02;14;1,803609763;1,822175116
2015;01-02-03;14;1,787746491;1,803609763
2015;02-03-04;14;1,772766883;1,787746491
2015;03-04-05;14;1,759136856;1,772766883
2015;04-05-06;14;1,743064401;1,759136856
2015;05-06-07;14;1,732701933;1,743064401
2015;06-07-08;14;1,725453844;1,732701933
2015;07-08-09;14;1,72329066;1,725453844
2015;08-09-10;14;1,714585424;1,72329066
2015;09-10-11;14;1,700679617;1,714585424
2015;10-11-12;14;1,679902144;1,700679617
2015;11-12-01;14;1,659482411;1,679902144
2015;12-01-02;14;1,64003611;1,659482411
2016;01-02-03;14;1,625424605;1,64003611
2016;02-03-04;14;1,611760589;1,625424605
2016;03-04-05;14;1,600887598;1,611760589
2016;04-05-06;14;1,590155659;1,600887598
2016;05-06-07;14;1,580378559;1,590155659
2016;06-07-08;14;1,572568309;1,580378559
2016;07-08-09;14;1,565905206;1,572568309
2016;08-09-10;14;1,56037326;1,565905206
2016;09-10-11;14;1,55686614;1,56037326
2016;10-11-12;14;1,553923892;1,55686614
2016;11-12-01;14;1,551709644;1,553923892
2016;12-01-02;14;1,546962741;1,551709644
2017;01-02-03;14;1,54260905;1,546962741
2017;02-03-04;14;1,539721784;1,54260905
2017;03-04-05;14;1,539274813;1,539721784
2017;04-05-06;14;1,539921963;1,539274813
2017;05-06-07;14;1,540483041;1,539921963
2017;06-07-08;14;1,541513231;1,540483041
2017;07-08-09;14;1,540391216;1,541513231
2017;08-09-10;14;1,538186837;1,540391216
2017;09-10-11;14;1,53459584;1,538186837
2017;10-11-12;14;1,533618076;1,53459584
2017;11-12-01;14;1,533834714;1,533618076
2017;12-01-02;14;1,531415792;1,533834714
2018;01-02-03;14;1,527960947;1,531415792
2018;02-03-04;14;1,523148252;1,527960947
2018;03-04-05;14;1,519752184;1,523148252
2018;04-05-06;14;1,512995138;1,519752184
2018;05-06-07;14;1,507823892;1,512995138
2018;06-07-08;14;1,50457737;1,507823892
2018;07-08-09;14;1,504331043;1,50457737
2018;08-09-10;14;1,50158837;1,504331043
2018;09-10-11;14;1,498443098;1,50158837
2018;10-11-12;14;1,493321409;1,498443098
2018;11-12-01;14;1,489592566;1,493321409
2018;12-01-02;14;1,481182578;1,489592566
2019;01-02-03;14;1,472730094;1,481182578
2019;02-03-04;14;1,462855851;1,472730094
2019;03-04-05;14;1,457100144;1,462855851
2019;04-05-06;14;1,453188102;1,457100144
2019;05-06-07;14;1,451962666;1,453188102
2019;06-07-08;14;1,452088191;1,451962666
2019;07-08-09;14;1,452380847;1,452088191
2019;08-09-10;14;1,4518137;1,452380847
2019;09-10-11;14;1,445988309;1,4518137
2019;10-11-12;14;1,432697583;1,445988309
2019;11-12-01;14;1,418913761;1,432697583
2019;12-01-02;14;1,40844538;1,418913761
2020;01-02-03;14;1,406440776;1,40844538
2020;02-03-04;14;1,406801464;1,406440776
2020;03-04-05;14;1,410082781;1,406801464
2020;04-05-06;14;1,413381141;1,410082781
2020;05-06-07;14;1,412490323;1,413381141
2020;06-07-08;14;1,409716103;1,412490323
2020;07-08-09;14;1,401723501;1,409716103
2020;08-09-10;14;1,391565208;1,401723501
2020;09-10-11;14;1,379129939;1,391565208
2020;10-11-12;14;1,364396738;1,379129939
2020;11-12-01;14;1,355185792;1,364396738
2020;12-01-02;14;1,342327386;1,355185792
2021;01-02-03;14;1,332565484;1,342327386
2021;02-03-04;14;1,319793792;1,332565484
2021;03-04-05;14;1,310830468;1,319793792
2021;04-05-06;14;1,304217281;1,310830468
2021;05-06-07;14;1,296966444;1,304217281
2021;06-07-08;14;1,288822878;1,296966444
2021;07-08-09;14;1,277337496;1,288822878
2021;08-09-10;14;1,266822866;1,277337496
2021;09-10-11;14;1,259306878;1,266822866
2021;10-11-12;14;1,252279209;1,259306878
2021;11-12-01;14;1,245291108;1,252279209
2021;12-01-02;14;1,234570584;1,245291108
2022;01-02-03;14;1,22193013;1,234570584
2022;02-03-04;14;1,207402282;1,22193013
2022;03-04-05;14;1,195538862;1,207402282
2022;04-05-06;14;1,188300003;1,195538862
2022;05-06-07;14;1,190724262;1,188300003
2022;06-07-08;14;1,194016111;1,190724262
2022;07-08-09;14;1,198643353;1,194016111
2022;08-09-10;14;1,196193132;1,198643353
2022;09-10-11;14;1,193867974;1,196193132
2022;10-11-12;14;1,187225915;1,193867974
2022;11-12-01;14;1,180907176;1,187225915
2022;12-01-02;14;1,171831824;1,180907176
2023;01-02-03;14;1,163815548;1,171831824
2023;02-03-04;14;1,155338529;1,163815548
2023;03-04-05;14;1,149947527;1,155338529
2023;04-05-06;14;1,148151915;1,149947527
2023;05-06-07;14;1,147512997;1,148151915
2023;06-07-08;14;1,144670144;1,147512997
2023;07-08-09;14;1,139651533;1,144670144
2023;08-09-10;14;1,135755977;1,139651533
2023;09-10-11;14;1,133678886;1,135755977
2023;10-11-12;14;1,130474924;1,133678886
2023;11-12-01;14;1,124432017;1,130474924
2023;12-01-02;14;1,116508516;1,124432017
2024;01-02-03;14;1,109503992;1,116508516
2024;02-03-04;14;1,104106906;1,109503992
2024;03-04-05;14;1,100605147;1,104106906
2024;04-05-06;14;1,098440464;1,100605147
2024;05-06-07;14;1,095944418;1,098440464
2024;06-07-08;14;1,095344495;1,095944418
2024;07-08-09;14;1,094429974;1,095344495
2024;08-09-10;14;1,092191944;1,094429974
2024;09-10-11;14;1,086777189;1,092191944
2024;10-11-12;14;1,079995117;1,086777189
2024;11-12-01;14;1,075389294;1,079995117
2024;12-01-02;14;1,067300934;1,075389294
2025;01-02-03;14;1,060270298;1,067300934
2025;02-03-04;14;1,052314907;1,060270298
2025;03-04-05;14;1,047442879;1,052314907
2025;04-05-06;14;1,043093208;1,047442879
2025;05-06-07;14;1,040511876;1,043093208
2025;06-07-08;14;1,040500945;1,040511876
2025;07-08-09;14;1,040184314;1,040500945
2025;08-09-10;14;1,038840256;1,040184314
2025;09-10-11;14;1,036606773;1,038840256
2025;10-11-12;14;1,035513473;1,036606773
2025;11-12-01;14;1,034505574;1,035513473
2025;12-01-02;14;1,031913032;1,034505574
2026;01-02-03;14;1,025001;1,031913032
2026;02-03-04;14;1,015403523;1,025001
2026;03-04-05;14;1,005772976;1,015403523
2026;04-05-06;14;1;1,005772976
2012;01-02-03;15;2,185418432;2,197155351
2012;02-03-04;15;2,172598804;2,185418432
2012;03-04-05;15;2,161139782;2,172598804
2012;04-05-06;15;2,150911993;2,161139782
2012;05-06-07;15;2,144589888;2,150911993
2012;06-07-08;15;2,136237938;2,144589888
2012;07-08-09;15;2,124506318;2,136237938
2012;08-09-10;15;2,10726329;2,124506318
2012;09-10-11;15;2,08636293;2,10726329
2012;10-11-12;15;2,063540603;2,08636293
2012;11-12-01;15;2,040723591;2,063540603
2012;12-01-02;15;2,022777417;2,040723591
2013;01-02-03;15;2,006550754;2,022777417
2013;02-03-04;15;1,993206985;2,006550754
2013;03-04-05;15;1,984809497;1,993206985
2013;04-05-06;15;1,982106461;1,984809497
2013;05-06-07;15;1,983214046;1,982106461
2013;06-07-08;15;1,98055001;1,983214046
2013;07-08-09;15;1,976300675;1,98055001
2013;08-09-10;15;1,968668983;1,976300675
2013;09-10-11;15;1,960367313;1,968668983
2013;10-11-12;15;1,949143588;1,960367313
2013;11-12-01;15;1,938457187;1,949143588
2013;12-01-02;15;1,928759896;1,938457187
2014;01-02-03;15;1,919709329;1,928759896
2014;02-03-04;15;1,910626538;1,919709329
2014;03-04-05;15;1,898962376;1,910626538
2014;04-05-06;15;1,889429175;1,898962376
2014;05-06-07;15;1,883313931;1,889429175
2014;06-07-08;15;1,876003453;1,883313931
2014;07-08-09;15;1,867098849;1,876003453
2014;08-09-10;15;1,8563703;1,867098849
2014;09-10-11;15;1,847056851;1,8563703
2014;10-11-12;15;1,834554929;1,847056851
2014;11-12-01;15;1,817749369;1,834554929
2014;12-01-02;15;1,799229108;1,817749369
2015;01-02-03;15;1,783404365;1,799229108
2015;02-03-04;15;1,76846114;1,783404365
2015;03-04-05;15;1,754864218;1,76846114
2015;04-05-06;15;1,7388308;1,754864218
2015;05-06-07;15;1,728493501;1,7388308
2015;06-07-08;15;1,721263016;1,728493501
2015;07-08-09;15;1,719105086;1,721263016
2015;08-09-10;15;1,710420994;1,719105086
2015;09-10-11;15;1,696548961;1,710420994
2015;10-11-12;15;1,675821953;1,696548961
2015;11-12-01;15;1,655451816;1,675821953
2015;12-01-02;15;1,636052747;1,655451816
2016;01-02-03;15;1,621476731;1,636052747
2016;02-03-04;15;1,607845903;1,621476731
2016;03-04-05;15;1,59699932;1,607845903
2016;04-05-06;15;1,586293447;1,59699932
2016;05-06-07;15;1,576540094;1,586293447
2016;06-07-08;15;1,568748813;1,576540094
2016;07-08-09;15;1,562101894;1,568748813
2016;08-09-10;15;1,556583384;1,562101894
2016;09-10-11;15;1,553084782;1,556583384
2016;10-11-12;15;1,550149681;1,553084782
2016;11-12-01;15;1,547940811;1,550149681
2016;12-01-02;15;1,543205437;1,547940811
2017;01-02-03;15;1,53886232;1,543205437
2017;02-03-04;15;1,535982067;1,53886232
2017;03-04-05;15;1,535536182;1,535982067
2017;04-05-06;15;1,536181759;1,535536182
2017;05-06-07;15;1,536741475;1,536181759
2017;06-07-08;15;1,537769163;1,536741475
2017;07-08-09;15;1,536649873;1,537769163
2017;08-09-10;15;1,534450849;1,536649873
2017;09-10-11;15;1,530868573;1,534450849
2017;10-11-12;15;1,529893184;1,530868573
2017;11-12-01;15;1,530109296;1,529893184
2017;12-01-02;15;1,527696249;1,530109296
2018;01-02-03;15;1,524249795;1,527696249
2018;02-03-04;15;1,51944879;1,524249795
2018;03-04-05;15;1,516118239;1,51944879
2018;04-05-06;15;1,509468224;1,516118239
2018;05-06-07;15;1,504630473;1,509468224
2018;06-07-08;15;1,501827622;1,504630473
2018;07-08-09;15;1,502146591;1,501827622
2018;08-09-10;15;1,499728419;1,502146591
2018;09-10-11;15;1,496680539;1,499728419
2018;10-11-12;15;1,491567424;1,496680539
2018;11-12-01;15;1,487685252;1,491567424
2018;12-01-02;15;1,479267903;1,487685252
2019;01-02-03;15;1,470872287;1,479267903
2019;02-03-04;15;1,460975006;1,470872287
2019;03-04-05;15;1,455381979;1,460975006
2019;04-05-06;15;1,451367263;1,455381979
2019;05-06-07;15;1,450174684;1,451367263
2019;06-07-08;15;1,450191526;1,450174684
2019;07-08-09;15;1,450603092;1,450191526
2019;08-09-10;15;1,45010475;1,450603092
2019;09-10-11;15;1,444130419;1,45010475
2019;10-11-12;15;1,430105391;1,444130419
2019;11-12-01;15;1,415505874;1,430105391
2019;12-01-02;15;1,404441838;1,415505874
2020;01-02-03;15;1,402379405;1,404441838
2020;02-03-04;15;1,402771183;1,402379405
2020;03-04-05;15;1,40598447;1,402771183
2020;04-05-06;15;1,409305917;1,40598447
2020;05-06-07;15;1,408619905;1,409305917
2020;06-07-08;15;1,406273145;1,408619905
2020;07-08-09;15;1,398654827;1,406273145
2020;08-09-10;15;1,388939314;1,398654827
2020;09-10-11;15;1,37695847;1,388939314
2020;10-11-12;15;1,36251778;1,37695847
2020;11-12-01;15;1,353706377;1,36251778
2020;12-01-02;15;1,340859076;1,353706377
2021;01-02-03;15;1,331224737;1,340859076
2021;02-03-04;15;1,318497618;1,331224737
2021;03-04-05;15;1,309887225;1,318497618
2021;04-05-06;15;1,303768647;1,309887225
2021;05-06-07;15;1,296814496;1,303768647
2021;06-07-08;15;1,288706832;1,296814496
2021;07-08-09;15;1,277251133;1,288706832
2021;08-09-10;15;1,266985565;1,277251133
2021;09-10-11;15;1,26011697;1,266985565
2021;10-11-12;15;1,253626076;1,26011697
2021;11-12-01;15;1,247120511;1,253626076
2021;12-01-02;15;1,236535544;1,247120511
2022;01-02-03;15;1,223894656;1,236535544
2022;02-03-04;15;1,209173259;1,223894656
2022;03-04-05;15;1,197085249;1,209173259
2022;04-05-06;15;1,189870929;1,197085249
2022;05-06-07;15;1,192572822;1,189870929
2022;06-07-08;15;1,196016146;1,192572822
2022;07-08-09;15;1,200570153;1,196016146
2022;08-09-10;15;1,197874271;1,200570153
2022;09-10-11;15;1,19549828;1,197874271
2022;10-11-12;15;1,188927516;1,19549828
2022;11-12-01;15;1,182797009;1,188927516
2022;12-01-02;15;1,173745949;1,182797009
2023;01-02-03;15;1,165558283;1,173745949
2023;02-03-04;15;1,156851302;1,165558283
2023;03-04-05;15;1,151478653;1,156851302
2023;04-05-06;15;1,149665391;1,151478653
2023;05-06-07;15;1,149000074;1,149665391
2023;06-07-08;15;1,145965533;1,149000074
2023;07-08-09;15;1,140899552;1,145965533
2023;08-09-10;15;1,137062404;1,140899552
2023;09-10-11;15;1,13507736;1,137062404
2023;10-11-12;15;1,132015635;1,13507736
2023;11-12-01;15;1,125950401;1,132015635
2023;12-01-02;15;1,117888671;1,125950401
2024;01-02-03;15;1,110570957;1,117888671
2024;02-03-04;15;1,104847075;1,110570957
2024;03-04-05;15;1,101182843;1,104847075
2024;04-05-06;15;1,099046344;1,101182843
2024;05-06-07;15;1,096683061;1,099046344
2024;06-07-08;15;1,096260762;1,096683061
2024;07-08-09;15;1,095640414;1,096260762
2024;08-09-10;15;1,093572816;1,095640414
2024;09-10-11;15;1,088413199;1,093572816
2024;10-11-12;15;1,081664291;1,088413199
2024;11-12-01;15;1,07698622;1,081664291
2024;12-01-02;15;1,068523783;1,07698622
2025;01-02-03;15;1,06113561;1,068523783
2025;02-03-04;15;1,053037741;1,06113561
2025;03-04-05;15;1,047962588;1,053037741
2025;04-05-06;15;1,043588035;1,047962588
2025;05-06-07;15;1,04091647;1,043588035
2025;06-07-08;15;1,041043868;1,04091647
2025;07-08-09;15;1,040773565;1,041043868
2025;08-09-10;15;1,039460586;1,040773565
2025;09-10-11;15;1,037246079;1,039460586
2025;10-11-12;15;1,036330521;1,037246079
2025;11-12-01;15;1,035752741;1,036330521
2025;12-01-02;15;1,033402354;1,035752741
2026;01-02-03;15;1,0262186;1,033402354
2026;02-03-04;15;1,015996425;1,0262186
2026;03-04-05;15;1,005891529;1,015996425
2026;04-05-06;15;1;1,005891529
2012;01-02-03;16;2,190739357;2,202504853
2012;02-03-04;16;2,177888517;2,190739357
2012;03-04-05;16;2,166401596;2,177888517
2012;04-05-06;16;2,156148905;2,166401596
2012;05-06-07;16;2,149811407;2,156148905
2012;06-07-08;16;2,141439122;2,149811407
2012;07-08-09;16;2,129678938;2,141439122
2012;08-09-10;16;2,112393929;2,129678938
2012;09-10-11;16;2,091442682;2,112393929
2012;10-11-12;16;2,068564788;2,091442682
2012;11-12-01;16;2,045692223;2,068564788
2012;12-01-02;16;2,027702354;2,045692223
2013;01-02-03;16;2,011436183;2,027702354
2013;02-03-04;16;1,998059926;2,011436183
2013;03-04-05;16;1,989641993;1,998059926
2013;04-05-06;16;1,986932375;1,989641993
2013;05-06-07;16;1,988042657;1,986932375
2013;06-07-08;16;1,985372135;1,988042657
2013;07-08-09;16;1,981112454;1,985372135
2013;08-09-10;16;1,97346218;1,981112454
2013;09-10-11;16;1,965140298;1,97346218
2013;10-11-12;16;1,953889245;1,965140298
2013;11-12-01;16;1,943176827;1,953889245
2013;12-01-02;16;1,933455925;1,943176827
2014;01-02-03;16;1,924383323;1,933455925
2014;02-03-04;16;1,915278417;1,924383323
2014;03-04-05;16;1,903585856;1,915278417
2014;04-05-06;16;1,894029444;1,903585856
2014;05-06-07;16;1,887899311;1,894029444
2014;06-07-08;16;1,880571034;1,887899311
2014;07-08-09;16;1,871644749;1,880571034
2014;08-09-10;16;1,860890079;1,871644749
2014;09-10-11;16;1,851553954;1,860890079
2014;10-11-12;16;1,839021593;1,851553954
2014;11-12-01;16;1,822175116;1,839021593
2014;12-01-02;16;1,803609763;1,822175116
2015;01-02-03;16;1,787746491;1,803609763
2015;02-03-04;16;1,772766883;1,787746491
2015;03-04-05;16;1,759136856;1,772766883
2015;04-05-06;16;1,743064401;1,759136856
2015;05-06-07;16;1,732701933;1,743064401
2015;06-07-08;16;1,725453844;1,732701933
2015;07-08-09;16;1,72329066;1,725453844
2015;08-09-10;16;1,714585424;1,72329066
2015;09-10-11;16;1,700679617;1,714585424
2015;10-11-12;16;1,679902144;1,700679617
2015;11-12-01;16;1,659482411;1,679902144
2015;12-01-02;16;1,64003611;1,659482411
2016;01-02-03;16;1,625424605;1,64003611
2016;02-03-04;16;1,611760589;1,625424605
2016;03-04-05;16;1,600887598;1,611760589
2016;04-05-06;16;1,590155659;1,600887598
2016;05-06-07;16;1,580378559;1,590155659
2016;06-07-08;16;1,572568309;1,580378559
2016;07-08-09;16;1,565905206;1,572568309
2016;08-09-10;16;1,56037326;1,565905206
2016;09-10-11;16;1,55686614;1,56037326
2016;10-11-12;16;1,553923892;1,55686614
2016;11-12-01;16;1,551709644;1,553923892
2016;12-01-02;16;1,546962741;1,551709644
2017;01-02-03;16;1,54260905;1,546962741
2017;02-03-04;16;1,539721784;1,54260905
2017;03-04-05;16;1,539274813;1,539721784
2017;04-05-06;16;1,539921963;1,539274813
2017;05-06-07;16;1,540483041;1,539921963
2017;06-07-08;16;1,541513231;1,540483041
2017;07-08-09;16;1,540391216;1,541513231
2017;08-09-10;16;1,538186837;1,540391216
2017;09-10-11;16;1,53459584;1,538186837
2017;10-11-12;16;1,533618076;1,53459584
2017;11-12-01;16;1,533834714;1,533618076
2017;12-01-02;16;1,531415792;1,533834714
2018;01-02-03;16;1,527960947;1,531415792
2018;02-03-04;16;1,523148252;1,527960947
2018;03-04-05;16;1,519752184;1,523148252
2018;04-05-06;16;1,512995138;1,519752184
2018;05-06-07;16;1,507823892;1,512995138
2018;06-07-08;16;1,50457737;1,507823892
2018;07-08-09;16;1,504331043;1,50457737
2018;08-09-10;16;1,50158837;1,504331043
2018;09-10-11;16;1,498443098;1,50158837
2018;10-11-12;16;1,493321409;1,498443098
2018;11-12-01;16;1,489592566;1,493321409
2018;12-01-02;16;1,481182578;1,489592566
2019;01-02-03;16;1,472730094;1,481182578
2019;02-03-04;16;1,462855851;1,472730094
2019;03-04-05;16;1,457100144;1,462855851
2019;04-05-06;16;1,453188102;1,457100144
2019;05-06-07;16;1,451962666;1,453188102
2019;06-07-08;16;1,452088191;1,451962666
2019;07-08-09;16;1,452380847;1,452088191
2019;08-09-10;16;1,4518137;1,452380847
2019;09-10-11;16;1,445988309;1,4518137
2019;10-11-12;16;1,432697583;1,445988309
2019;11-12-01;16;1,418913761;1,432697583
2019;12-01-02;16;1,40844538;1,418913761
2020;01-02-03;16;1,406440776;1,40844538
2020;02-03-04;16;1,406801464;1,406440776
2020;03-04-05;16;1,410082781;1,406801464
2020;04-05-06;16;1,413381141;1,410082781
2020;05-06-07;16;1,412490323;1,413381141
2020;06-07-08;16;1,409716103;1,412490323
2020;07-08-09;16;1,401723501;1,409716103
2020;08-09-10;16;1,391565208;1,401723501
2020;09-10-11;16;1,379129939;1,391565208
2020;10-11-12;16;1,364396738;1,379129939
2020;11-12-01;16;1,355185792;1,364396738
2020;12-01-02;16;1,342327386;1,355185792
2021;01-02-03;16;1,332565484;1,342327386
2021;02-03-04;16;1,319793792;1,332565484
2021;03-04-05;16;1,310830468;1,319793792
2021;04-05-06;16;1,304217281;1,310830468
2021;05-06-07;16;1,296966444;1,304217281
2021;06-07-08;16;1,288822878;1,296966444
2021;07-08-09;16;1,277337496;1,288822878
2021;08-09-10;16;1,266822866;1,277337496
2021;09-10-11;16;1,259306878;1,266822866
2021;10-11-12;16;1,252279209;1,259306878
2021;11-12-01;16;1,245291108;1,252279209
2021;12-01-02;16;1,234570584;1,245291108
2022;01-02-03;16;1,22193013;1,234570584
2022;02-03-04;16;1,207402282;1,22193013
2022;03-04-05;16;1,195538862;1,207402282
2022;04-05-06;16;1,188300003;1,195538862
2022;05-06-07;16;1,190724262;1,188300003
2022;06-07-08;16;1,194016111;1,190724262
2022;07-08-09;16;1,198643353;1,194016111
2022;08-09-10;16;1,196193132;1,198643353
2022;09-10-11;16;1,193867974;1,196193132
2022;10-11-12;16;1,187225915;1,193867974
2022;11-12-01;16;1,180907176;1,187225915
2022;12-01-02;16;1,171831824;1,180907176
2023;01-02-03;16;1,163815548;1,171831824
2023;02-03-04;16;1,155338529;1,163815548
2023;03-04-05;16;1,149947527;1,155338529
2023;04-05-06;16;1,148151915;1,149947527
2023;05-06-07;16;1,147512997;1,148151915
2023;06-07-08;16;1,144670144;1,147512997
2023;07-08-09;16;1,139651533;1,144670144
2023;08-09-10;16;1,135755977;1,139651533
2023;09-10-11;16;1,133678886;1,135755977
2023;10-11-12;16;1,130474924;1,133678886
2023;11-12-01;16;1,124432017;1,130474924
2023;12-01-02;16;1,116508516;1,124432017
2024;01-02-03;16;1,109503992;1,116508516
2024;02-03-04;16;1,104106906;1,109503992
2024;03-04-05;16;1,100605147;1,104106906
2024;04-05-06;16;1,098440464;1,100605147
2024;05-06-07;16;1,095944418;1,098440464
2024;06-07-08;16;1,095344495;1,095944418
2024;07-08-09;16;1,094429974;1,095344495
2024;08-09-10;16;1,092191944;1,094429974
2024;09-10-11;16;1,086777189;1,092191944
2024;10-11-12;16;1,079995117;1,086777189
2024;11-12-01;16;1,075389294;1,079995117
2024;12-01-02;16;1,067300934;1,075389294
2025;01-02-03;16;1,060270298;1,067300934
2025;02-03-04;16;1,052314907;1,060270298
2025;03-04-05;16;1,047442879;1,052314907
2025;04-05-06;16;1,043093208;1,047442879
2025;05-06-07;16;1,040511876;1,043093208
2025;06-07-08;16;1,040500945;1,040511876
2025;07-08-09;16;1,040184314;1,040500945
2025;08-09-10;16;1,038840256;1,040184314
2025;09-10-11;16;1,036606773;1,038840256
2025;10-11-12;16;1,035513473;1,036606773
2025;11-12-01;16;1,034505574;1,035513473
2025;12-01-02;16;1,031913032;1,034505574
2026;01-02-03;16;1,025001;1,031913032
2026;02-03-04;16;1,015403523;1,025001
2026;03-04-05;16;1,005772976;1,015403523
2026;04-05-06;16;1;1,005772976
2012;01-02-03;17;2,190739357;2,202504853
2012;02-03-04;17;2,177888517;2,190739357
2012;03-04-05;17;2,166401596;2,177888517
2012;04-05-06;17;2,156148905;2,166401596
2012;05-06-07;17;2,149811407;2,156148905
2012;06-07-08;17;2,141439122;2,149811407
2012;07-08-09;17;2,129678938;2,141439122
2012;08-09-10;17;2,112393929;2,129678938
2012;09-10-11;17;2,091442682;2,112393929
2012;10-11-12;17;2,068564788;2,091442682
2012;11-12-01;17;2,045692223;2,068564788
2012;12-01-02;17;2,027702354;2,045692223
2013;01-02-03;17;2,011436183;2,027702354
2013;02-03-04;17;1,998059926;2,011436183
2013;03-04-05;17;1,989641993;1,998059926
2013;04-05-06;17;1,986932375;1,989641993
2013;05-06-07;17;1,988042657;1,986932375
2013;06-07-08;17;1,985372135;1,988042657
2013;07-08-09;17;1,981112454;1,985372135
2013;08-09-10;17;1,97346218;1,981112454
2013;09-10-11;17;1,965140298;1,97346218
2013;10-11-12;17;1,953889245;1,965140298
2013;11-12-01;17;1,943176827;1,953889245
2013;12-01-02;17;1,933455925;1,943176827
2014;01-02-03;17;1,924383323;1,933455925
2014;02-03-04;17;1,915278417;1,924383323
2014;03-04-05;17;1,903585856;1,915278417
2014;04-05-06;17;1,894029444;1,903585856
2014;05-06-07;17;1,887899311;1,894029444
2014;06-07-08;17;1,880571034;1,887899311
2014;07-08-09;17;1,871644749;1,880571034
2014;08-09-10;17;1,860890079;1,871644749
2014;09-10-11;17;1,851553954;1,860890079
2014;10-11-12;17;1,839021593;1,851553954
2014;11-12-01;17;1,822175116;1,839021593
2014;12-01-02;17;1,803609763;1,822175116
2015;01-02-03;17;1,787746491;1,803609763
2015;02-03-04;17;1,772766883;1,787746491
2015;03-04-05;17;1,759136856;1,772766883
2015;04-05-06;17;1,743064401;1,759136856
2015;05-06-07;17;1,732701933;1,743064401
2015;06-07-08;17;1,725453844;1,732701933
2015;07-08-09;17;1,72329066;1,725453844
2015;08-09-10;17;1,714585424;1,72329066
2015;09-10-11;17;1,700679617;1,714585424
2015;10-11-12;17;1,679902144;1,700679617
2015;11-12-01;17;1,659482411;1,679902144
2015;12-01-02;17;1,64003611;1,659482411
2016;01-02-03;17;1,625424605;1,64003611
2016;02-03-04;17;1,611760589;1,625424605
2016;03-04-05;17;1,600887598;1,611760589
2016;04-05-06;17;1,590155659;1,600887598
2016;05-06-07;17;1,580378559;1,590155659
2016;06-07-08;17;1,572568309;1,580378559
2016;07-08-09;17;1,565905206;1,572568309
2016;08-09-10;17;1,56037326;1,565905206
2016;09-10-11;17;1,55686614;1,56037326
2016;10-11-12;17;1,553923892;1,55686614
2016;11-12-01;17;1,551709644;1,553923892
2016;12-01-02;17;1,546962741;1,551709644
2017;01-02-03;17;1,54260905;1,546962741
2017;02-03-04;17;1,539721784;1,54260905
2017;03-04-05;17;1,539274813;1,539721784
2017;04-05-06;17;1,539921963;1,539274813
2017;05-06-07;17;1,540483041;1,539921963
2017;06-07-08;17;1,541513231;1,540483041
2017;07-08-09;17;1,540391216;1,541513231
2017;08-09-10;17;1,538186837;1,540391216
2017;09-10-11;17;1,53459584;1,538186837
2017;10-11-12;17;1,533618076;1,53459584
2017;11-12-01;17;1,533834714;1,533618076
2017;12-01-02;17;1,531415792;1,533834714
2018;01-02-03;17;1,527960947;1,531415792
2018;02-03-04;17;1,523148252;1,527960947
2018;03-04-05;17;1,519752184;1,523148252
2018;04-05-06;17;1,512995138;1,519752184
2018;05-06-07;17;1,507823892;1,512995138
2018;06-07-08;17;1,50457737;1,507823892
2018;07-08-09;17;1,504331043;1,50457737
2018;08-09-10;17;1,50158837;1,504331043
2018;09-10-11;17;1,498443098;1,50158837
2018;10-11-12;17;1,493321409;1,498443098
2018;11-12-01;17;1,489592566;1,493321409
2018;12-01-02;17;1,481182578;1,489592566
2019;01-02-03;17;1,472730094;1,481182578
2019;02-03-04;17;1,462855851;1,472730094
2019;03-04-05;17;1,457100144;1,462855851
2019;04-05-06;17;1,453188102;1,457100144
2019;05-06-07;17;1,451962666;1,453188102
2019;06-07-08;17;1,452088191;1,451962666
2019;07-08-09;17;1,452380847;1,452088191
2019;08-09-10;17;1,4518137;1,452380847
2019;09-10-11;17;1,445988309;1,4518137
2019;10-11-12;17;1,432697583;1,445988309
2019;11-12-01;17;1,418913761;1,432697583
2019;12-01-02;17;1,40844538;1,418913761
2020;01-02-03;17;1,406440776;1,40844538
2020;02-03-04;17;1,406801464;1,406440776
2020;03-04-05;17;1,410082781;1,406801464
2020;04-05-06;17;1,413381141;1,410082781
2020;05-06-07;17;1,412490323;1,413381141
2020;06-07-08;17;1,409716103;1,412490323
2020;07-08-09;17;1,401723501;1,409716103
2020;08-09-10;17;1,391565208;1,401723501
2020;09-10-11;17;1,379129939;1,391565208
2020;10-11-12;17;1,364396738;1,379129939
2020;11-12-01;17;1,355185792;1,364396738
2020;12-01-02;17;1,342327386;1,355185792
2021;01-02-03;17;1,332565484;1,342327386
2021;02-03-04;17;1,319793792;1,332565484
2021;03-04-05;17;1,310830468;1,319793792
2021;04-05-06;17;1,304217281;1,310830468
2021;05-06-07;17;1,296966444;1,304217281
2021;06-07-08;17;1,288822878;1,296966444
2021;07-08-09;17;1,277337496;1,288822878
2021;08-09-10;17;1,266822866;1,277337496
2021;09-10-11;17;1,259306878;1,266822866
2021;10-11-12;17;1,252279209;1,259306878
2021;11-12-01;17;1,245291108;1,252279209
2021;12-01-02;17;1,234570584;1,245291108
2022;01-02-03;17;1,22193013;1,234570584
2022;02-03-04;17;1,207402282;1,22193013
2022;03-04-05;17;1,195538862;1,207402282
2022;04-05-06;17;1,188300003;1,195538862
2022;05-06-07;17;1,190724262;1,188300003
2022;06-07-08;17;1,194016111;1,190724262
2022;07-08-09;17;1,198643353;1,194016111
2022;08-09-10;17;1,196193132;1,198643353
2022;09-10-11;17;1,193867974;1,196193132
2022;10-11-12;17;1,187225915;1,193867974
2022;11-12-01;17;1,180907176;1,187225915
2022;12-01-02;17;1,171831824;1,180907176
2023;01-02-03;17;1,163815548;1,171831824
2023;02-03-04;17;1,155338529;1,163815548
2023;03-04-05;17;1,149947527;1,155338529
2023;04-05-06;17;1,148151915;1,149947527
2023;05-06-07;17;1,147512997;1,148151915
2023;06-07-08;17;1,144670144;1,147512997
2023;07-08-09;17;1,139651533;1,144670144
2023;08-09-10;17;1,135755977;1,139651533
2023;09-10-11;17;1,133678886;1,135755977
2023;10-11-12;17;1,130474924;1,133678886
2023;11-12-01;17;1,124432017;1,130474924
2023;12-01-02;17;1,116508516;1,124432017
2024;01-02-03;17;1,109503992;1,116508516
2024;02-03-04;17;1,104106906;1,109503992
2024;03-04-05;17;1,100605147;1,104106906
2024;04-05-06;17;1,098440464;1,100605147
2024;05-06-07;17;1,095944418;1,098440464
2024;06-07-08;17;1,095344495;1,095944418
2024;07-08-09;17;1,094429974;1,095344495
2024;08-09-10;17;1,092191944;1,094429974
2024;09-10-11;17;1,086777189;1,092191944
2024;10-11-12;17;1,079995117;1,086777189
2024;11-12-01;17;1,075389294;1,079995117
2024;12-01-02;17;1,067300934;1,075389294
2025;01-02-03;17;1,060270298;1,067300934
2025;02-03-04;17;1,052314907;1,060270298
2025;03-04-05;17;1,047442879;1,052314907
2025;04-05-06;17;1,043093208;1,047442879
2025;05-06-07;17;1,040511876;1,043093208
2025;06-07-08;17;1,040500945;1,040511876
2025;07-08-09;17;1,040184314;1,040500945
2025;08-09-10;17;1,038840256;1,040184314
2025;09-10-11;17;1,036606773;1,038840256
2025;10-11-12;17;1,035513473;1,036606773
2025;11-12-01;17;1,034505574;1,035513473
2025;12-01-02;17;1,031913032;1,034505574
2026;01-02-03;17;1,025001;1,031913032
2026;02-03-04;17;1,015403523;1,025001
2026;03-04-05;17;1,005772976;1,015403523
2026;04-05-06;17;1;1,005772976
2012;01-02-03;21;2,218557959;2,227854879
2012;02-03-04;21;2,207929351;2,218557959
2012;03-04-05;21;2,196341471;2,207929351
2012;04-05-06;21;2,187710246;2,196341471
2012;05-06-07;21;2,179369153;2,187710246
2012;06-07-08;21;2,17243211;2,179369153
2012;07-08-09;21;2,161299187;2,17243211
2012;08-09-10;21;2,147735232;2,161299187
2012;09-10-11;21;2,132786704;2,147735232
2012;10-11-12;21;2,116361512;2,132786704
2012;11-12-01;21;2,099463481;2,116361512
2012;12-01-02;21;2,081640602;2,099463481
2013;01-02-03;21;2,066674698;2,081640602
2013;02-03-04;21;2,053536651;2,066674698
2013;03-04-05;21;2,042958067;2,053536651
2013;04-05-06;21;2,034092586;2,042958067
2013;05-06-07;21;2,029961661;2,034092586
2013;06-07-08;21;2,028021869;2,029961661
2013;07-08-09;21;2,026087432;2,028021869
2013;08-09-10;21;2,021298377;2,026087432
2013;09-10-11;21;2,013516519;2,021298377
2013;10-11-12;21;2,000245598;2,013516519
2013;11-12-01;21;1,985552466;2,000245598
2013;12-01-02;21;1,971648839;1,985552466
2014;01-02-03;21;1,960569571;1,971648839
2014;02-03-04;21;1,947827112;1,960569571
2014;03-04-05;21;1,933167465;1,947827112
2014;04-05-06;21;1,918901274;1,933167465
2014;05-06-07;21;1,912848162;1,918901274
2014;06-07-08;21;1,909849866;1,912848162
2014;07-08-09;21;1,906017046;1,909849866
2014;08-09-10;21;1,898474544;1,906017046
2014;09-10-11;21;1,889183985;1,898474544
2014;10-11-12;21;1,880940333;1,889183985
2014;11-12-01;21;1,868764357;1,880940333
2014;12-01-02;21;1,851026455;1,868764357
2015;01-02-03;21;1,831379144;1,851026455
2015;02-03-04;21;1,813204113;1,831379144
2015;03-04-05;21;1,797235623;1,813204113
2015;04-05-06;21;1,781026083;1,797235623
2015;05-06-07;21;1,7662344;1,781026083
2015;06-07-08;21;1,756186814;1,7662344
2015;07-08-09;21;1,750117175;1,756186814
2015;08-09-10;21;1,742384546;1,750117175
2015;09-10-11;21;1,730281338;1,742384546
2015;10-11-12;21;1,713913174;1,730281338
2015;11-12-01;21;1,69315123;1,713913174
2015;12-01-02;21;1,671802558;1,69315123
2016;01-02-03;21;1,656253223;1,671802558
2016;02-03-04;21;1,645060816;1,656253223
2016;03-04-05;21;1,635793249;1,645060816
2016;04-05-06;21;1,625293594;1,635793249
2016;05-06-07;21;1,61436128;1,625293594
2016;06-07-08;21;1,607542504;1,61436128
2016;07-08-09;21;1,60130448;1,607542504
2016;08-09-10;21;1,597229996;1,60130448
2016;09-10-11;21;1,592811652;1,597229996
2016;10-11-12;21;1,587362047;1,592811652
2016;11-12-01;21;1,581226513;1,587362047
2016;12-01-02;21;1,574028798;1,581226513
2017;01-02-03;21;1,567296921;1,574028798
2017;02-03-04;21;1,563069147;1,567296921
2017;03-04-05;21;1,558870794;1,563069147
2017;04-05-06;21;1,557056937;1,558870794
2017;05-06-07;21;1,554279232;1,557056937
2017;06-07-08;21;1,553648836;1,554279232
2017;07-08-09;21;1,552070589;1,553648836
2017;08-09-10;21;1,550059857;1,552070589
2017;09-10-11;21;1,548355062;1,550059857
2017;10-11-12;21;1,545429437;1,548355062
2017;11-12-01;21;1,542986327;1,545429437
2017;12-01-02;21;1,538433373;1,542986327
2018;01-02-03;21;1,536331975;1,538433373
2018;02-03-04;21;1,533825777;1,536331975
2018;03-04-05;21;1,528535818;1,533825777
2018;04-05-06;21;1,515800499;1,528535818
2018;05-06-07;21;1,506279624;1,515800499
2018;06-07-08;21;1,503770978;1,506279624
2018;07-08-09;21;1,504121689;1,503770978
2018;08-09-10;21;1,5012078;1,504121689
2018;09-10-11;21;1,496328562;1,5012078
2018;10-11-12;21;1,493807248;1,496328562
2018;11-12-01;21;1,4926965;1,493807248
2018;12-01-02;21;1,488900867;1,4926965
2019;01-02-03;21;1,479646228;1,488900867
2019;02-03-04;21;1,466655758;1,479646228
2019;03-04-05;21;1,454723474;1,466655758
2019;04-05-06;21;1,45051894;1,454723474
2019;05-06-07;21;1,451261393;1,45051894
2019;06-07-08;21;1,45468665;1,451261393
2019;07-08-09;21;1,458038081;1,45468665
2019;08-09-10;21;1,462407234;1,458038081
2019;09-10-11;21;1,460170894;1,462407234
2019;10-11-12;21;1,44971388;1,460170894
2019;11-12-01;21;1,438593262;1,44971388
2019;12-01-02;21;1,431655109;1,438593262
2020;01-02-03;21;1,429927831;1,431655109
2020;02-03-04;21;1,429425985;1,429927831
2020;03-04-05;21;1,430835722;1,429425985
2020;04-05-06;21;1,435675869;1,430835722
2020;05-06-07;21;1,435660146;1,435675869
2020;06-07-08;21;1,432781894;1,435660146
2020;07-08-09;21;1,423495708;1,432781894
2020;08-09-10;21;1,411782227;1,423495708
2020;09-10-11;21;1,397274436;1,411782227
2020;10-11-12;21;1,377507789;1,397274436
2020;11-12-01;21;1,361765297;1,377507789
2020;12-01-02;21;1,347021824;1,361765297
2021;01-02-03;21;1,338864061;1,347021824
2021;02-03-04;21;1,330164249;1,338864061
2021;03-04-05;21;1,320313953;1,330164249
2021;04-05-06;21;1,31229138;1,320313953
2021;05-06-07;21;1,302108641;1,31229138
2021;06-07-08;21;1,293191045;1,302108641
2021;07-08-09;21;1,281314991;1,293191045
2021;08-09-10;21;1,267686598;1,281314991
2021;09-10-11;21;1,254635999;1,267686598
2021;10-11-12;21;1,242041388;1,254635999
2021;11-12-01;21;1,232987496;1,242041388
2021;12-01-02;21;1,221541341;1,232987496
2022;01-02-03;21;1,205681115;1,221541341
2022;02-03-04;21;1,188203948;1,205681115
2022;03-04-05;21;1,175095279;1,188203948
2022;04-05-06;21;1,168002898;1,175095279
2022;05-06-07;21;1,167352863;1,168002898
2022;06-07-08;21;1,171992704;1,167352863
2022;07-08-09;21;1,179288423;1,171992704
2022;08-09-10;21;1,181359726;1,179288423
2022;09-10-11;21;1,177759463;1,181359726
2022;10-11-12;21;1,169683551;1,177759463
2022;11-12-01;21;1,164447194;1,169683551
2022;12-01-02;21;1,158123883;1,164447194
2023;01-02-03;21;1,152840931;1,158123883
2023;02-03-04;21;1,145535642;1,152840931
2023;03-04-05;21;1,142176772;1,145535642
2023;04-05-06;21;1,143946963;1,142176772
2023;05-06-07;21;1,147560438;1,143946963
2023;06-07-08;21;1,14809193;1,147560438
2023;07-08-09;21;1,14435465;1,14809193
2023;08-09-10;21;1,141720875;1,14435465
2023;09-10-11;21;1,142201598;1,141720875
2023;10-11-12;21;1,142929882;1,142201598
2023;11-12-01;21;1,138754426;1,142929882
2023;12-01-02;21;1,129140928;1,138754426
2024;01-02-03;21;1,118217201;1,129140928
2024;02-03-04;21;1,109588761;1,118217201
2024;03-04-05;21;1,102572247;1,109588761
2024;04-05-06;21;1,098146195;1,102572247
2024;05-06-07;21;1,093512891;1,098146195
2024;06-07-08;21;1,093157578;1,093512891
2024;07-08-09;21;1,091050138;1,093157578
2024;08-09-10;21;1,08877892;1,091050138
2024;09-10-11;21;1,083371559;1,08877892
2024;10-11-12;21;1,077593303;1,083371559
2024;11-12-01;21;1,074181694;1,077593303
2024;12-01-02;21;1,066956639;1,074181694
2025;01-02-03;21;1,060334963;1,066956639
2025;02-03-04;21;1,051932851;1,060334963
2025;03-04-05;21;1,047288043;1,051932851
2025;04-05-06;21;1,043819034;1,047288043
2025;05-06-07;21;1,041980156;1,043819034
2025;06-07-08;21;1,042238241;1,041980156
2025;07-08-09;21;1,039722241;1,042238241
2025;08-09-10;21;1,037667484;1,039722241
2025;09-10-11;21;1,034872754;1,037667484
2025;10-11-12;21;1,036237058;1,034872754
2025;11-12-01;21;1,036286672;1,036237058
2025;12-01-02;21;1,03518746;1,036286672
2026;01-02-03;21;1,028644983;1,03518746
2026;02-03-04;21;1,019234641;1,028644983
2026;03-04-05;21;1,007967195;1,019234641
2026;04-05-06;21;1;1,007967195
2012;01-02-03;22;2,235999433;2,245369441
2012;02-03-04;22;2,225287267;2,235999433
2012;03-04-05;22;2,213608287;2,225287267
2012;04-05-06;22;2,204909206;2,213608287
2012;05-06-07;22;2,196502538;2,204909206
2012;06-07-08;22;2,18951096;2,196502538
2012;07-08-09;22;2,178290514;2,18951096
2012;08-09-10;22;2,164619924;2,178290514
2012;09-10-11;22;2,149553876;2,164619924
2012;10-11-12;22;2,132999555;2,149553876
2012;11-12-01;22;2,115968678;2,132999555
2012;12-01-02;22;2,098005683;2,115968678
2013;01-02-03;22;2,082922121;2,098005683
2013;02-03-04;22;2,069680789;2,082922121
2013;03-04-05;22;2,05901904;2,069680789
2013;04-05-06;22;2,050083861;2,05901904
2013;05-06-07;22;2,04592046;2,050083861
2013;06-07-08;22;2,043965419;2,04592046
2013;07-08-09;22;2,042015774;2,043965419
2013;08-09-10;22;2,037189069;2,042015774
2013;09-10-11;22;2,029346033;2,037189069
2013;10-11-12;22;2,015970781;2,029346033
2013;11-12-01;22;2,001162137;2,015970781
2013;12-01-02;22;1,987149205;2,001162137
2014;01-02-03;22;1,975982836;1,987149205
2014;02-03-04;22;1,9631402;1,975982836
2014;03-04-05;22;1,948365305;1,9631402
2014;04-05-06;22;1,933986959;1,948365305
2014;05-06-07;22;1,927886259;1,933986959
2014;06-07-08;22;1,924864392;1,927886259
2014;07-08-09;22;1,921001439;1,924864392
2014;08-09-10;22;1,913399641;1,921001439
2014;09-10-11;22;1,904036043;1,913399641
2014;10-11-12;22;1,895727582;1,904036043
2014;11-12-01;22;1,883455883;1,895727582
2014;12-01-02;22;1,865578533;1,883455883
2015;01-02-03;22;1,845776762;1,865578533
2015;02-03-04;22;1,827458846;1,845776762
2015;03-04-05;22;1,811364817;1,827458846
2015;04-05-06;22;1,795027844;1,811364817
2015;05-06-07;22;1,780119875;1,795027844
2015;06-07-08;22;1,769993298;1,780119875
2015;07-08-09;22;1,763875941;1,769993298
2015;08-09-10;22;1,756082522;1,763875941
2015;09-10-11;22;1,743884163;1,756082522
2015;10-11-12;22;1,727387319;1,743884163
2015;11-12-01;22;1,706462152;1,727387319
2015;12-01-02;22;1,684945644;1,706462152
2016;01-02-03;22;1,669274067;1,684945644
2016;02-03-04;22;1,657993669;1,669274067
2016;03-04-05;22;1,648653244;1,657993669
2016;04-05-06;22;1,638071045;1,648653244
2016;05-06-07;22;1,627052785;1,638071045
2016;06-07-08;22;1,620180402;1,627052785
2016;07-08-09;22;1,613893337;1,620180402
2016;08-09-10;22;1,609786821;1,613893337
2016;09-10-11;22;1,605333742;1,609786821
2016;10-11-12;22;1,599841294;1,605333742
2016;11-12-01;22;1,593657525;1,599841294
2016;12-01-02;22;1,586403224;1,593657525
2017;01-02-03;22;1,579618423;1,586403224
2017;02-03-04;22;1,575357412;1,579618423
2017;03-04-05;22;1,571126054;1,575357412
2017;04-05-06;22;1,569297937;1,571126054
2017;05-06-07;22;1,566498394;1,569297937
2017;06-07-08;22;1,565863042;1,566498394
2017;07-08-09;22;1,564272388;1,565863042
2017;08-09-10;22;1,562245849;1,564272388
2017;09-10-11;22;1,560527651;1,562245849
2017;10-11-12;22;1,557579026;1,560527651
2017;11-12-01;22;1,555116709;1,557579026
2017;12-01-02;22;1,550527961;1,555116709
2018;01-02-03;22;1,548410043;1,550527961
2018;02-03-04;22;1,545884142;1,548410043
2018;03-04-05;22;1,540931608;1,545884142
2018;04-05-06;22;1,529253878;1,540931608
2018;05-06-07;22;1,519263394;1,529253878
2018;06-07-08;22;1,514621155;1,519263394
2018;07-08-09;22;1,514130371;1,514621155
2018;08-09-10;22;1,511632879;1,514130371
2018;09-10-11;22;1,508903118;1,511632879
2018;10-11-12;22;1,506055152;1,508903118
2018;11-12-01;22;1,503959214;1,506055152
2018;12-01-02;22;1,498789367;1,503959214
2019;01-02-03;22;1,490744745;1,498789367
2019;02-03-04;22;1,480220254;1,490744745
2019;03-04-05;22;1,470833847;1,480220254
2019;04-05-06;22;1,465999021;1,470833847
2019;05-06-07;22;1,465187619;1,465999021
2019;06-07-08;22;1,465334658;1,465187619
2019;07-08-09;22;1,465497534;1,465334658
2019;08-09-10;22;1,465541822;1,465497534
2019;09-10-11;22;1,46424059;1,465541822
2019;10-11-12;22;1,457052587;1,46424059
2019;11-12-01;22;1,448579156;1,457052587
2019;12-01-02;22;1,439863683;1,448579156
2020;01-02-03;22;1,435708946;1,439863683
2020;02-03-04;22;1,433655315;1,435708946
2020;03-04-05;22;1,435119435;1,433655315
2020;04-05-06;22;1,435778494;1,435119435
2020;05-06-07;22;1,433056473;1,435778494
2020;06-07-08;22;1,427796131;1,433056473
2020;07-08-09;22;1,421349117;1,427796131
2020;08-09-10;22;1,41405379;1,421349117
2020;09-10-11;22;1,403675597;1,41405379
2020;10-11-12;22;1,390256497;1,403675597
2020;11-12-01;22;1,37865438;1,390256497
2020;12-01-02;22;1,366459959;1,37865438
2021;01-02-03;22;1,357036432;1,366459959
2021;02-03-04;22;1,347558496;1,357036432
2021;03-04-05;22;1,338067451;1,347558496
2021;04-05-06;22;1,328654266;1,338067451
2021;05-06-07;22;1,317308637;1,328654266
2021;06-07-08;22;1,307542508;1,317308637
2021;07-08-09;22;1,296219191;1,307542508
2021;08-09-10;22;1,283694298;1,296219191
2021;09-10-11;22;1,269254956;1,283694298
2021;10-11-12;22;1,255759198;1,269254956
2021;11-12-01;22;1,24435654;1,255759198
2021;12-01-02;22;1,233868553;1,24435654
2022;01-02-03;22;1,220674108;1,233868553
2022;02-03-04;22;1,206690743;1,220674108
2022;03-04-05;22;1,19275575;1,206690743
2022;04-05-06;22;1,18141383;1,19275575
2022;05-06-07;22;1,176830463;1,18141383
2022;06-07-08;22;1,178851023;1,176830463
2022;07-08-09;22;1,186254712;1,178851023
2022;08-09-10;22;1,187821848;1,186254712
2022;09-10-11;22;1,185324776;1,187821848
2022;10-11-12;22;1,178822843;1,185324776
2022;11-12-01;22;1,172715142;1,178822843
2022;12-01-02;22;1,164608155;1,172715142
2023;01-02-03;22;1,157036739;1,164608155
2023;02-03-04;22;1,150273793;1,157036739
2023;03-04-05;22;1,14546834;1,150273793
2023;04-05-06;22;1,143210065;1,14546834
2023;05-06-07;22;1,141579172;1,143210065
2023;06-07-08;22;1,139779655;1,141579172
2023;07-08-09;22;1,136994718;1,139779655
2023;08-09-10;22;1,134977107;1,136994718
2023;09-10-11;22;1,134803077;1,134977107
2023;10-11-12;22;1,132923766;1,134803077
2023;11-12-01;22;1,129347199;1,132923766
2023;12-01-02;22;1,121969898;1,129347199
2024;01-02-03;22;1,115570479;1,121969898
2024;02-03-04;22;1,109394905;1,115570479
2024;03-04-05;22;1,10452975;1,109394905
2024;04-05-06;22;1,100754933;1,10452975
2024;05-06-07;22;1,097497237;1,100754933
2024;06-07-08;22;1,096546477;1,097497237
2024;07-08-09;22;1,094689073;1,096546477
2024;08-09-10;22;1,092257878;1,094689073
2024;09-10-11;22;1,088250308;1,092257878
2024;10-11-12;22;1,082852577;1,088250308
2024;11-12-01;22;1,078400082;1,082852577
2024;12-01-02;22;1,070454002;1,078400082
2025;01-02-03;22;1,063534741;1,070454002
2025;02-03-04;22;1,056400819;1,063534741
2025;03-04-05;22;1,052407836;1,056400819
2025;04-05-06;22;1,048780828;1,052407836
2025;05-06-07;22;1,045781879;1,048780828
2025;06-07-08;22;1,044840676;1,045781879
2025;07-08-09;22;1,043450068;1,044840676
2025;08-09-10;22;1,042302551;1,043450068
2025;09-10-11;22;1,040458199;1,042302551
2025;10-11-12;22;1,038723353;1,040458199
2025;11-12-01;22;1,035776833;1,038723353
2025;12-01-02;22;1,030983679;1,035776833
2026;01-02-03;22;1,023418172;1,030983679
2026;02-03-04;22;1,014664224;1,023418172
2026;03-04-05;22;1,00548287;1,014664224
2026;04-05-06;22;1;1,00548287
2012;01-02-03;23;2,347099504;2,355138424
2012;02-03-04;23;2,334417376;2,347099504
2012;03-04-05;23;2,320283036;2,334417376
2012;04-05-06;23;2,314411717;2,320283036
2012;05-06-07;23;2,309546984;2,314411717
2012;06-07-08;23;2,302318857;2,309546984
2012;07-08-09;23;2,288056804;2,302318857
2012;08-09-10;23;2,271480375;2,288056804
2012;09-10-11;23;2,254619732;2,271480375
2012;10-11-12;23;2,233405212;2,254619732
2012;11-12-01;23;2,211271105;2,233405212
2012;12-01-02;23;2,18939077;2,211271105
2013;01-02-03;23;2,172425714;2,18939077
2013;02-03-04;23;2,157227263;2,172425714
2013;03-04-05;23;2,144976849;2,157227263
2013;04-05-06;23;2,136542888;2,144976849
2013;05-06-07;23;2,132320024;2,136542888
2013;06-07-08;23;2,13116831;2,132320024
2013;07-08-09;23;2,127693345;2,13116831
2013;08-09-10;23;2,122435303;2,127693345
2013;09-10-11;23;2,109448781;2,122435303
2013;10-11-12;23;2,094198997;2,109448781
2013;11-12-01;23;2,07905986;2,094198997
2013;12-01-02;23;2,06953064;2,07905986
2014;01-02-03;23;2,060361051;2,06953064
2014;02-03-04;23;2,046876028;2,060361051
2014;03-04-05;23;2,028395499;2,046876028
2014;04-05-06;23;2,012501996;2,028395499
2014;05-06-07;23;2,005054189;2,012501996
2014;06-07-08;23;2,003429133;2,005054189
2014;07-08-09;23;2,001128223;2,003429133
2014;08-09-10;23;1,99516709;2,001128223
2014;09-10-11;23;1,984331101;1,99516709
2014;10-11-12;23;1,972355211;1,984331101
2014;11-12-01;23;1,955897047;1,972355211
2014;12-01-02;23;1,939528956;1,955897047
2015;01-02-03;23;1,917355467;1,939528956
2015;02-03-04;23;1,898138922;1,917355467
2015;03-04-05;23;1,876560579;1,898138922
2015;04-05-06;23;1,859207101;1,876560579
2015;05-06-07;23;1,844422831;1,859207101
2015;06-07-08;23;1,835266878;1,844422831
2015;07-08-09;23;1,828182649;1,835266878
2015;08-09-10;23;1,818368173;1,828182649
2015;09-10-11;23;1,802869856;1,818368173
2015;10-11-12;23;1,782316189;1,802869856
2015;11-12-01;23;1,75783725;1,782316189
2015;12-01-02;23;1,736472064;1,75783725
2016;01-02-03;23;1,719501727;1,736472064
2016;02-03-04;23;1,705084617;1,719501727
2016;03-04-05;23;1,689710632;1,705084617
2016;04-05-06;23;1,676724963;1,689710632
2016;05-06-07;23;1,665854601;1,676724963
2016;06-07-08;23;1,657498037;1,665854601
2016;07-08-09;23;1,648609336;1,657498037
2016;08-09-10;23;1,641157085;1,648609336
2016;09-10-11;23;1,635984317;1,641157085
2016;10-11-12;23;1,629864799;1,635984317
2016;11-12-01;23;1,6225382;1,629864799
2016;12-01-02;23;1,614367778;1,6225382
2017;01-02-03;23;1,605948038;1,614367778
2017;02-03-04;23;1,600458959;1,605948038
2017;03-04-05;23;1,596060784;1,600458959
2017;04-05-06;23;1,596501628;1,596060784
2017;05-06-07;23;1,597290809;1,596501628
2017;06-07-08;23;1,599613794;1,597290809
2017;07-08-09;23;1,599730436;1,599613794
2017;08-09-10;23;1,59774692;1,599730436
2017;09-10-11;23;1,595610786;1,59774692
2017;10-11-12;23;1,591446668;1,595610786
2017;11-12-01;23;1,587615604;1,591446668
2017;12-01-02;23;1,582961194;1,587615604
2018;01-02-03;23;1,57996672;1,582961194
2018;02-03-04;23;1,57729202;1,57996672
2018;03-04-05;23;1,572820631;1,57729202
2018;04-05-06;23;1,563536552;1,572820631
2018;05-06-07;23;1,556264671;1,563536552
2018;06-07-08;23;1,552273907;1,556264671
2018;07-08-09;23;1,552780406;1,552273907
2018;08-09-10;23;1,549580709;1,552780406
2018;09-10-11;23;1,545315698;1,549580709
2018;10-11-12;23;1,54213436;1,545315698
2018;11-12-01;23;1,541353978;1,54213436
2018;12-01-02;23;1,536680497;1,541353978
2019;01-02-03;23;1,527071715;1,536680497
2019;02-03-04;23;1,513777795;1,527071715
2019;03-04-05;23;1,503005774;1,513777795
2019;04-05-06;23;1,496127919;1,503005774
2019;05-06-07;23;1,494506484;1,496127919
2019;06-07-08;23;1,492282991;1,494506484
2019;07-08-09;23;1,491773438;1,492282991
2019;08-09-10;23;1,490329433;1,491773438
2019;09-10-11;23;1,489454496;1,490329433
2019;10-11-12;23;1,481844059;1,489454496
2019;11-12-01;23;1,473109411;1,481844059
2019;12-01-02;23;1,461635214;1,473109411
2020;01-02-03;23;1,455397887;1,461635214
2020;02-03-04;23;1,451127082;1,455397887
2020;03-04-05;23;1,453215147;1,451127082
2020;04-05-06;23;1,454689368;1,453215147
2020;05-06-07;23;1,452877834;1,454689368
2020;06-07-08;23;1,449667996;1,452877834
2020;07-08-09;23;1,442221313;1,449667996
2020;08-09-10;23;1,433537711;1,442221313
2020;09-10-11;23;1,420087251;1,433537711
2020;10-11-12;23;1,405623558;1,420087251
2020;11-12-01;23;1,393484484;1,405623558
2020;12-01-02;23;1,37831924;1,393484484
2021;01-02-03;23;1,366628531;1,37831924
2021;02-03-04;23;1,353331396;1,366628531
2021;03-04-05;23;1,341793501;1,353331396
2021;04-05-06;23;1,330957573;1,341793501
2021;05-06-07;23;1,319476205;1,330957573
2021;06-07-08;23;1,310999348;1,319476205
2021;07-08-09;23;1,299850959;1,310999348
2021;08-09-10;23;1,288637166;1,299850959
2021;09-10-11;23;1,274893955;1,288637166
2021;10-11-12;23;1,264096558;1,274893955
2021;11-12-01;23;1,254342983;1,264096558
2021;12-01-02;23;1,245843487;1,254342983
2022;01-02-03;23;1,232737146;1,245843487
2022;02-03-04;23;1,218773424;1,232737146
2022;03-04-05;23;1,202468591;1,218773424
2022;04-05-06;23;1,190597878;1,202468591
2022;05-06-07;23;1,18527869;1,190597878
2022;06-07-08;23;1,188355183;1,18527869
2022;07-08-09;23;1,19646354;1,188355183
2022;08-09-10;23;1,199596682;1,19646354
2022;09-10-11;23;1,198639054;1,199596682
2022;10-11-12;23;1,19268016;1,198639054
2022;11-12-01;23;1,185748764;1,19268016
2022;12-01-02;23;1,177097962;1,185748764
2023;01-02-03;23;1,169517847;1,177097962
2023;02-03-04;23;1,163155759;1,169517847
2023;03-04-05;23;1,157499557;1,163155759
2023;04-05-06;23;1,154777226;1,157499557
2023;05-06-07;23;1,153517843;1,154777226
2023;06-07-08;23;1,15156698;1,153517843
2023;07-08-09;23;1,147597196;1,15156698
2023;08-09-10;23;1,144545146;1,147597196
2023;09-10-11;23;1,143108239;1,144545146
2023;10-11-12;23;1,138996897;1,143108239
2023;11-12-01;23;1,132103035;1,138996897
2023;12-01-02;23;1,123282366;1,132103035
2024;01-02-03;23;1,116596294;1,123282366
2024;02-03-04;23;1,113013319;1,116596294
2024;03-04-05;23;1,110479327;1,113013319
2024;04-05-06;23;1,107920179;1,110479327
2024;05-06-07;23;1,103102696;1,107920179
2024;06-07-08;23;1,100343423;1,103102696
2024;07-08-09;23;1,097534121;1,100343423
2024;08-09-10;23;1,094756888;1,097534121
2024;09-10-11;23;1,090398253;1,094756888
2024;10-11-12;23;1,084782477;1,090398253
2024;11-12-01;23;1,080468182;1,084782477
2024;12-01-02;23;1,074035745;1,080468182
2025;01-02-03;23;1,068820744;1,074035745
2025;02-03-04;23;1,061907484;1,068820744
2025;03-04-05;23;1,056630969;1,061907484
2025;04-05-06;23;1,051209713;1,056630969
2025;05-06-07;23;1,047541462;1,051209713
2025;06-07-08;23;1,046109343;1,047541462
2025;07-08-09;23;1,044645405;1,046109343
2025;08-09-10;23;1,043639844;1,044645405
2025;09-10-11;23;1,040953191;1,043639844
2025;10-11-12;23;1,03900964;1,040953191
2025;11-12-01;23;1,035379136;1,03900964
2025;12-01-02;23;1,02981396;1,035379136
2026;01-02-03;23;1,022105159;1,02981396
2026;02-03-04;23;1,013324627;1,022105159
2026;03-04-05;23;1,005490383;1,013324627
2026;04-05-06;23;1;1,005490383
2012;01-02-03;24;2,235999433;2,245369441
2012;02-03-04;24;2,225287267;2,235999433
2012;03-04-05;24;2,213608287;2,225287267
2012;04-05-06;24;2,204909206;2,213608287
2012;05-06-07;24;2,196502538;2,204909206
2012;06-07-08;24;2,18951096;2,196502538
2012;07-08-09;24;2,178290514;2,18951096
2012;08-09-10;24;2,164619924;2,178290514
2012;09-10-11;24;2,149553876;2,164619924
2012;10-11-12;24;2,132999555;2,149553876
2012;11-12-01;24;2,115968678;2,132999555
2012;12-01-02;24;2,098005683;2,115968678
2013;01-02-03;24;2,082922121;2,098005683
2013;02-03-04;24;2,069680789;2,082922121
2013;03-04-05;24;2,05901904;2,069680789
2013;04-05-06;24;2,050083861;2,05901904
2013;05-06-07;24;2,04592046;2,050083861
2013;06-07-08;24;2,043965419;2,04592046
2013;07-08-09;24;2,042015774;2,043965419
2013;08-09-10;24;2,037189069;2,042015774
2013;09-10-11;24;2,029346033;2,037189069
2013;10-11-12;24;2,015970781;2,029346033
2013;11-12-01;24;2,001162137;2,015970781
2013;12-01-02;24;1,987149205;2,001162137
2014;01-02-03;24;1,975982836;1,987149205
2014;02-03-04;24;1,9631402;1,975982836
2014;03-04-05;24;1,948365305;1,9631402
2014;04-05-06;24;1,933986959;1,948365305
2014;05-06-07;24;1,927886259;1,933986959
2014;06-07-08;24;1,924864392;1,927886259
2014;07-08-09;24;1,921001439;1,924864392
2014;08-09-10;24;1,913399641;1,921001439
2014;09-10-11;24;1,904036043;1,913399641
2014;10-11-12;24;1,895727582;1,904036043
2014;11-12-01;24;1,883455883;1,895727582
2014;12-01-02;24;1,865578533;1,883455883
2015;01-02-03;24;1,845776762;1,865578533
2015;02-03-04;24;1,827458846;1,845776762
2015;03-04-05;24;1,811364817;1,827458846
2015;04-05-06;24;1,795027844;1,811364817
2015;05-06-07;24;1,780119875;1,795027844
2015;06-07-08;24;1,769993298;1,780119875
2015;07-08-09;24;1,763875941;1,769993298
2015;08-09-10;24;1,756082522;1,763875941
2015;09-10-11;24;1,743884163;1,756082522
2015;10-11-12;24;1,727387319;1,743884163
2015;11-12-01;24;1,706462152;1,727387319
2015;12-01-02;24;1,684945644;1,706462152
2016;01-02-03;24;1,669274067;1,684945644
2016;02-03-04;24;1,657993669;1,669274067
2016;03-04-05;24;1,648653244;1,657993669
2016;04-05-06;24;1,638071045;1,648653244
2016;05-06-07;24;1,627052785;1,638071045
2016;06-07-08;24;1,620180402;1,627052785
2016;07-08-09;24;1,613893337;1,620180402
2016;08-09-10;24;1,609786821;1,613893337
2016;09-10-11;24;1,605333742;1,609786821
2016;10-11-12;24;1,599841294;1,605333742
2016;11-12-01;24;1,593657525;1,599841294
2016;12-01-02;24;1,586403224;1,593657525
2017;01-02-03;24;1,579618423;1,586403224
2017;02-03-04;24;1,575357412;1,579618423
2017;03-04-05;24;1,571126054;1,575357412
2017;04-05-06;24;1,569297937;1,571126054
2017;05-06-07;24;1,566498394;1,569297937
2017;06-07-08;24;1,565863042;1,566498394
2017;07-08-09;24;1,564272388;1,565863042
2017;08-09-10;24;1,562245849;1,564272388
2017;09-10-11;24;1,560527651;1,562245849
2017;10-11-12;24;1,557579026;1,560527651
2017;11-12-01;24;1,555116709;1,557579026
2017;12-01-02;24;1,550527961;1,555116709
2018;01-02-03;24;1,548410043;1,550527961
2018;02-03-04;24;1,545884142;1,548410043
2018;03-04-05;24;1,540931608;1,545884142
2018;04-05-06;24;1,529253878;1,540931608
2018;05-06-07;24;1,519263394;1,529253878
2018;06-07-08;24;1,514621155;1,519263394
2018;07-08-09;24;1,514130371;1,514621155
2018;08-09-10;24;1,511632879;1,514130371
2018;09-10-11;24;1,508903118;1,511632879
2018;10-11-12;24;1,506055152;1,508903118
2018;11-12-01;24;1,503959214;1,506055152
2018;12-01-02;24;1,498789367;1,503959214
2019;01-02-03;24;1,490744745;1,498789367
2019;02-03-04;24;1,480220254;1,490744745
2019;03-04-05;24;1,470833847;1,480220254
2019;04-05-06;24;1,465999021;1,470833847
2019;05-06-07;24;1,465187619;1,465999021
2019;06-07-08;24;1,465334658;1,465187619
2019;07-08-09;24;1,465497534;1,465334658
2019;08-09-10;24;1,465541822;1,465497534
2019;09-10-11;24;1,46424059;1,465541822
2019;10-11-12;24;1,457052587;1,46424059
2019;11-12-01;24;1,448579156;1,457052587
2019;12-01-02;24;1,439863683;1,448579156
2020;01-02-03;24;1,435708946;1,439863683
2020;02-03-04;24;1,433655315;1,435708946
2020;03-04-05;24;1,435119435;1,433655315
2020;04-05-06;24;1,435778494;1,435119435
2020;05-06-07;24;1,433056473;1,435778494
2020;06-07-08;24;1,427796131;1,433056473
2020;07-08-09;24;1,421349117;1,427796131
2020;08-09-10;24;1,41405379;1,421349117
2020;09-10-11;24;1,403675597;1,41405379
2020;10-11-12;24;1,390256497;1,403675597
2020;11-12-01;24;1,37865438;1,390256497
2020;12-01-02;24;1,366459959;1,37865438
2021;01-02-03;24;1,357036432;1,366459959
2021;02-03-04;24;1,347558496;1,357036432
2021;03-04-05;24;1,338067451;1,347558496
2021;04-05-06;24;1,328654266;1,338067451
2021;05-06-07;24;1,317308637;1,328654266
2021;06-07-08;24;1,307542508;1,317308637
2021;07-08-09;24;1,296219191;1,307542508
2021;08-09-10;24;1,283694298;1,296219191
2021;09-10-11;24;1,269254956;1,283694298
2021;10-11-12;24;1,255759198;1,269254956
2021;11-12-01;24;1,24435654;1,255759198
2021;12-01-02;24;1,233868553;1,24435654
2022;01-02-03;24;1,220674108;1,233868553
2022;02-03-04;24;1,206690743;1,220674108
2022;03-04-05;24;1,19275575;1,206690743
2022;04-05-06;24;1,18141383;1,19275575
2022;05-06-07;24;1,176830463;1,18141383
2022;06-07-08;24;1,178851023;1,176830463
2022;07-08-09;24;1,186254712;1,178851023
2022;08-09-10;24;1,187821848;1,186254712
2022;09-10-11;24;1,185324776;1,187821848
2022;10-11-12;24;1,178822843;1,185324776
2022;11-12-01;24;1,172715142;1,178822843
2022;12-01-02;24;1,164608155;1,172715142
2023;01-02-03;24;1,157036739;1,164608155
2023;02-03-04;24;1,150273793;1,157036739
2023;03-04-05;24;1,14546834;1,150273793
2023;04-05-06;24;1,143210065;1,14546834
2023;05-06-07;24;1,141579172;1,143210065
2023;06-07-08;24;1,139779655;1,141579172
2023;07-08-09;24;1,136994718;1,139779655
2023;08-09-10;24;1,134977107;1,136994718
2023;09-10-11;24;1,134803077;1,134977107
2023;10-11-12;24;1,132923766;1,134803077
2023;11-12-01;24;1,129347199;1,132923766
2023;12-01-02;24;1,121969898;1,129347199
2024;01-02-03;24;1,115570479;1,121969898
2024;02-03-04;24;1,109394905;1,115570479
2024;03-04-05;24;1,10452975;1,109394905
2024;04-05-06;24;1,100754933;1,10452975
2024;05-06-07;24;1,097497237;1,100754933
2024;06-07-08;24;1,096546477;1,097497237
2024;07-08-09;24;1,094689073;1,096546477
2024;08-09-10;24;1,092257878;1,094689073
2024;09-10-11;24;1,088250308;1,092257878
2024;10-11-12;24;1,082852577;1,088250308
2024;11-12-01;24;1,078400082;1,082852577
2024;12-01-02;24;1,070454002;1,078400082
2025;01-02-03;24;1,063534741;1,070454002
2025;02-03-04;24;1,056400819;1,063534741
2025;03-04-05;24;1,052407836;1,056400819
2025;04-05-06;24;1,048780828;1,052407836
2025;05-06-07;24;1,045781879;1,048780828
2025;06-07-08;24;1,044840676;1,045781879
2025;07-08-09;24;1,043450068;1,044840676
2025;08-09-10;24;1,042302551;1,043450068
2025;09-10-11;24;1,040458199;1,042302551
2025;10-11-12;24;1,038723353;1,040458199
2025;11-12-01;24;1,035776833;1,038723353
2025;12-01-02;24;1,030983679;1,035776833
2026;01-02-03;24;1,023418172;1,030983679
2026;02-03-04;24;1,014664224;1,023418172
2026;03-04-05;24;1,00548287;1,014664224
2026;04-05-06;24;1;1,00548287
2012;01-02-03;25;2,235999433;2,245369441
2012;02-03-04;25;2,225287267;2,235999433
2012;03-04-05;25;2,213608287;2,225287267
2012;04-05-06;25;2,204909206;2,213608287
2012;05-06-07;25;2,196502538;2,204909206
2012;06-07-08;25;2,18951096;2,196502538
2012;07-08-09;25;2,178290514;2,18951096
2012;08-09-10;25;2,164619924;2,178290514
2012;09-10-11;25;2,149553876;2,164619924
2012;10-11-12;25;2,132999555;2,149553876
2012;11-12-01;25;2,115968678;2,132999555
2012;12-01-02;25;2,098005683;2,115968678
2013;01-02-03;25;2,082922121;2,098005683
2013;02-03-04;25;2,069680789;2,082922121
2013;03-04-05;25;2,05901904;2,069680789
2013;04-05-06;25;2,050083861;2,05901904
2013;05-06-07;25;2,04592046;2,050083861
2013;06-07-08;25;2,043965419;2,04592046
2013;07-08-09;25;2,042015774;2,043965419
2013;08-09-10;25;2,037189069;2,042015774
2013;09-10-11;25;2,029346033;2,037189069
2013;10-11-12;25;2,015970781;2,029346033
2013;11-12-01;25;2,001162137;2,015970781
2013;12-01-02;25;1,987149205;2,001162137
2014;01-02-03;25;1,975982836;1,987149205
2014;02-03-04;25;1,9631402;1,975982836
2014;03-04-05;25;1,948365305;1,9631402
2014;04-05-06;25;1,933986959;1,948365305
2014;05-06-07;25;1,927886259;1,933986959
2014;06-07-08;25;1,924864392;1,927886259
2014;07-08-09;25;1,921001439;1,924864392
2014;08-09-10;25;1,913399641;1,921001439
2014;09-10-11;25;1,904036043;1,913399641
2014;10-11-12;25;1,895727582;1,904036043
2014;11-12-01;25;1,883455883;1,895727582
2014;12-01-02;25;1,865578533;1,883455883
2015;01-02-03;25;1,845776762;1,865578533
2015;02-03-04;25;1,827458846;1,845776762
2015;03-04-05;25;1,811364817;1,827458846
2015;04-05-06;25;1,795027844;1,811364817
2015;05-06-07;25;1,780119875;1,795027844
2015;06-07-08;25;1,769993298;1,780119875
2015;07-08-09;25;1,763875941;1,769993298
2015;08-09-10;25;1,756082522;1,763875941
2015;09-10-11;25;1,743884163;1,756082522
2015;10-11-12;25;1,727387319;1,743884163
2015;11-12-01;25;1,706462152;1,727387319
2015;12-01-02;25;1,684945644;1,706462152
2016;01-02-03;25;1,669274067;1,684945644
2016;02-03-04;25;1,657993669;1,669274067
2016;03-04-05;25;1,648653244;1,657993669
2016;04-05-06;25;1,638071045;1,648653244
2016;05-06-07;25;1,627052785;1,638071045
2016;06-07-08;25;1,620180402;1,627052785
2016;07-08-09;25;1,613893337;1,620180402
2016;08-09-10;25;1,609786821;1,613893337
2016;09-10-11;25;1,605333742;1,609786821
2016;10-11-12;25;1,599841294;1,605333742
2016;11-12-01;25;1,593657525;1,599841294
2016;12-01-02;25;1,586403224;1,593657525
2017;01-02-03;25;1,579618423;1,586403224
2017;02-03-04;25;1,575357412;1,579618423
2017;03-04-05;25;1,571126054;1,575357412
2017;04-05-06;25;1,569297937;1,571126054
2017;05-06-07;25;1,566498394;1,569297937
2017;06-07-08;25;1,565863042;1,566498394
2017;07-08-09;25;1,564272388;1,565863042
2017;08-09-10;25;1,562245849;1,564272388
2017;09-10-11;25;1,560527651;1,562245849
2017;10-11-12;25;1,557579026;1,560527651
2017;11-12-01;25;1,555116709;1,557579026
2017;12-01-02;25;1,550527961;1,555116709
2018;01-02-03;25;1,548410043;1,550527961
2018;02-03-04;25;1,545884142;1,548410043
2018;03-04-05;25;1,540931608;1,545884142
2018;04-05-06;25;1,529253878;1,540931608
2018;05-06-07;25;1,519263394;1,529253878
2018;06-07-08;25;1,514621155;1,519263394
2018;07-08-09;25;1,514130371;1,514621155
2018;08-09-10;25;1,511632879;1,514130371
2018;09-10-11;25;1,508903118;1,511632879
2018;10-11-12;25;1,506055152;1,508903118
2018;11-12-01;25;1,503959214;1,506055152
2018;12-01-02;25;1,498789367;1,503959214
2019;01-02-03;25;1,490744745;1,498789367
2019;02-03-04;25;1,480220254;1,490744745
2019;03-04-05;25;1,470833847;1,480220254
2019;04-05-06;25;1,465999021;1,470833847
2019;05-06-07;25;1,465187619;1,465999021
2019;06-07-08;25;1,465334658;1,465187619
2019;07-08-09;25;1,465497534;1,465334658
2019;08-09-10;25;1,465541822;1,465497534
2019;09-10-11;25;1,46424059;1,465541822
2019;10-11-12;25;1,457052587;1,46424059
2019;11-12-01;25;1,448579156;1,457052587
2019;12-01-02;25;1,439863683;1,448579156
2020;01-02-03;25;1,435708946;1,439863683
2020;02-03-04;25;1,433655315;1,435708946
2020;03-04-05;25;1,435119435;1,433655315
2020;04-05-06;25;1,435778494;1,435119435
2020;05-06-07;25;1,433056473;1,435778494
2020;06-07-08;25;1,427796131;1,433056473
2020;07-08-09;25;1,421349117;1,427796131
2020;08-09-10;25;1,41405379;1,421349117
2020;09-10-11;25;1,403675597;1,41405379
2020;10-11-12;25;1,390256497;1,403675597
2020;11-12-01;25;1,37865438;1,390256497
2020;12-01-02;25;1,366459959;1,37865438
2021;01-02-03;25;1,357036432;1,366459959
2021;02-03-04;25;1,347558496;1,357036432
2021;03-04-05;25;1,338067451;1,347558496
2021;04-05-06;25;1,328654266;1,338067451
2021;05-06-07;25;1,317308637;1,328654266
2021;06-07-08;25;1,307542508;1,317308637
2021;07-08-09;25;1,296219191;1,307542508
2021;08-09-10;25;1,283694298;1,296219191
2021;09-10-11;25;1,269254956;1,283694298
2021;10-11-12;25;1,255759198;1,269254956
2021;11-12-01;25;1,24435654;1,255759198
2021;12-01-02;25;1,233868553;1,24435654
2022;01-02-03;25;1,220674108;1,233868553
2022;02-03-04;25;1,206690743;1,220674108
2022;03-04-05;25;1,19275575;1,206690743
2022;04-05-06;25;1,18141383;1,19275575
2022;05-06-07;25;1,176830463;1,18141383
2022;06-07-08;25;1,178851023;1,176830463
2022;07-08-09;25;1,186254712;1,178851023
2022;08-09-10;25;1,187821848;1,186254712
2022;09-10-11;25;1,185324776;1,187821848
2022;10-11-12;25;1,178822843;1,185324776
2022;11-12-01;25;1,172715142;1,178822843
2022;12-01-02;25;1,164608155;1,172715142
2023;01-02-03;25;1,157036739;1,164608155
2023;02-03-04;25;1,150273793;1,157036739
2023;03-04-05;25;1,14546834;1,150273793
2023;04-05-06;25;1,143210065;1,14546834
2023;05-06-07;25;1,141579172;1,143210065
2023;06-07-08;25;1,139779655;1,141579172
2023;07-08-09;25;1,136994718;1,139779655
2023;08-09-10;25;1,134977107;1,136994718
2023;09-10-11;25;1,134803077;1,134977107
2023;10-11-12;25;1,132923766;1,134803077
2023;11-12-01;25;1,129347199;1,132923766
2023;12-01-02;25;1,121969898;1,129347199
2024;01-02-03;25;1,115570479;1,121969898
2024;02-03-04;25;1,109394905;1,115570479
2024;03-04-05;25;1,10452975;1,109394905
2024;04-05-06;25;1,100754933;1,10452975
2024;05-06-07;25;1,097497237;1,100754933
2024;06-07-08;25;1,096546477;1,097497237
2024;07-08-09;25;1,094689073;1,096546477
2024;08-09-10;25;1,092257878;1,094689073
2024;09-10-11;25;1,088250308;1,092257878
2024;10-11-12;25;1,082852577;1,088250308
2024;11-12-01;25;1,078400082;1,082852577
2024;12-01-02;25;1,070454002;1,078400082
2025;01-02-03;25;1,063534741;1,070454002
2025;02-03-04;25;1,056400819;1,063534741
2025;03-04-05;25;1,052407836;1,056400819
2025;04-05-06;25;1,048780828;1,052407836
2025;05-06-07;25;1,045781879;1,048780828
2025;06-07-08;25;1,044840676;1,045781879
2025;07-08-09;25;1,043450068;1,044840676
2025;08-09-10;25;1,042302551;1,043450068
2025;09-10-11;25;1,040458199;1,042302551
2025;10-11-12;25;1,038723353;1,040458199
2025;11-12-01;25;1,035776833;1,038723353
2025;12-01-02;25;1,030983679;1,035776833
2026;01-02-03;25;1,023418172;1,030983679
2026;02-03-04;25;1,014664224;1,023418172
2026;03-04-05;25;1,00548287;1,014664224
2026;04-05-06;25;1;1,00548287
2012;01-02-03;26;2,239321989;2,252399867
2012;02-03-04;26;2,225464642;2,239321989
2012;03-04-05;26;2,213110707;2,225464642
2012;04-05-06;26;2,203272052;2,213110707
2012;05-06-07;26;2,195545981;2,203272052
2012;06-07-08;26;2,189502763;2,195545981
2012;07-08-09;26;2,178790918;2,189502763
2012;08-09-10;26;2,165128439;2,178790918
2012;09-10-11;26;2,150664849;2,165128439
2012;10-11-12;26;2,136239701;2,150664849
2012;11-12-01;26;2,12060158;2,136239701
2012;12-01-02;26;2,101819804;2,12060158
2013;01-02-03;26;2,086177459;2,101819804
2013;02-03-04;26;2,07064716;2,086177459
2013;03-04-05;26;2,056845226;2,07064716
2013;04-05-06;26;2,044707035;2,056845226
2013;05-06-07;26;2,038696104;2,044707035
2013;06-07-08;26;2,036592081;2,038696104
2013;07-08-09;26;2,032531235;2,036592081
2013;08-09-10;26;2,023983471;2,032531235
2013;09-10-11;26;2,013569113;2,023983471
2013;10-11-12;26;2,000121049;2,013569113
2013;11-12-01;26;1,987428444;2,000121049
2013;12-01-02;26;1,974098699;1,987428444
2014;01-02-03;26;1,963350534;1,974098699
2014;02-03-04;26;1,951048631;1,963350534
2014;03-04-05;26;1,934961744;1,951048631
2014;04-05-06;26;1,917837675;1,934961744
2014;05-06-07;26;1,907682823;1,917837675
2014;06-07-08;26;1,903005878;1,907682823
2014;07-08-09;26;1,899189105;1,903005878
2014;08-09-10;26;1,892174291;1,899189105
2014;09-10-11;26;1,883587918;1,892174291
2014;10-11-12;26;1,875943768;1,883587918
2014;11-12-01;26;1,866363891;1,875943768
2014;12-01-02;26;1,85010718;1,866363891
2015;01-02-03;26;1,833213041;1,85010718
2015;02-03-04;26;1,815253615;1,833213041
2015;03-04-05;26;1,798102129;1,815253615
2015;04-05-06;26;1,778695234;1,798102129
2015;05-06-07;26;1,760161685;1,778695234
2015;06-07-08;26;1,749473226;1,760161685
2015;07-08-09;26;1,743481906;1,749473226
2015;08-09-10;26;1,736552205;1,743481906
2015;09-10-11;26;1,726105282;1,736552205
2015;10-11-12;26;1,711033558;1,726105282
2015;11-12-01;26;1,693403799;1,711033558
2015;12-01-02;26;1,673288177;1,693403799
2016;01-02-03;26;1,65922101;1,673288177
2016;02-03-04;26;1,648645228;1,65922101
2016;03-04-05;26;1,640157269;1,648645228
2016;04-05-06;26;1,629803716;1,640157269
2016;05-06-07;26;1,618963184;1,629803716
2016;06-07-08;26;1,613509361;1,618963184
2016;07-08-09;26;1,607752516;1,613509361
2016;08-09-10;26;1,604584994;1,607752516
2016;09-10-11;26;1,597730528;1,604584994
2016;10-11-12;26;1,59061327;1,597730528
2016;11-12-01;26;1,583446084;1,59061327
2016;12-01-02;26;1,578181813;1,583446084
2017;01-02-03;26;1,572359825;1,578181813
2017;02-03-04;26;1,56567845;1,572359825
2017;03-04-05;26;1,556551816;1,56567845
2017;04-05-06;26;1,550743827;1,556551816
2017;05-06-07;26;1,545978379;1,550743827
2017;06-07-08;26;1,544015966;1,545978379
2017;07-08-09;26;1,542934033;1,544015966
2017;08-09-10;26;1,542701993;1,542934033
2017;09-10-11;26;1,542034826;1,542701993
2017;10-11-12;26;1,537850651;1,542034826
2017;11-12-01;26;1,534175221;1,537850651
2017;12-01-02;26;1,53044931;1,534175221
2018;01-02-03;26;1,530500686;1,53044931
2018;02-03-04;26;1,5290374;1,530500686
2018;03-04-05;26;1,525138094;1,5290374
2018;04-05-06;26;1,512272993;1,525138094
2018;05-06-07;26;1,501597511;1,512272993
2018;06-07-08;26;1,495167228;1,501597511
2018;07-08-09;26;1,495200957;1,495167228
2018;08-09-10;26;1,49380624;1,495200957
2018;09-10-11;26;1,492517857;1,49380624
2018;10-11-12;26;1,491099717;1,492517857
2018;11-12-01;26;1,489409422;1,491099717
2018;12-01-02;26;1,484282109;1,489409422
2019;01-02-03;26;1,476007502;1,484282109
2019;02-03-04;26;1,466243799;1,476007502
2019;03-04-05;26;1,457781813;1,466243799
2019;04-05-06;26;1,453728537;1,457781813
2019;05-06-07;26;1,451585619;1,453728537
2019;06-07-08;26;1,451023981;1,451585619
2019;07-08-09;26;1,450524021;1,451023981
2019;08-09-10;26;1,45128007;1,450524021
2019;09-10-11;26;1,45139537;1,45128007
2019;10-11-12;26;1,446418804;1,45139537
2019;11-12-01;26;1,439693122;1,446418804
2019;12-01-02;26;1,431897266;1,439693122
2020;01-02-03;26;1,427218924;1,431897266
2020;02-03-04;26;1,4248985;1,427218924
2020;03-04-05;26;1,425225537;1,4248985
2020;04-05-06;26;1,424612912;1,425225537
2020;05-06-07;26;1,421210808;1,424612912
2020;06-07-08;26;1,414783867;1,421210808
2020;07-08-09;26;1,407112332;1,414783867
2020;08-09-10;26;1,397494841;1,407112332
2020;09-10-11;26;1,388436551;1,397494841
2020;10-11-12;26;1,375673791;1,388436551
2020;11-12-01;26;1,364501973;1,375673791
2020;12-01-02;26;1,35160599;1,364501973
2021;01-02-03;26;1,343098371;1,35160599
2021;02-03-04;26;1,334774405;1,343098371
2021;03-04-05;26;1,326530106;1,334774405
2021;04-05-06;26;1,317009352;1,326530106
2021;05-06-07;26;1,305443792;1,317009352
2021;06-07-08;26;1,294443464;1,305443792
2021;07-08-09;26;1,282780104;1,294443464
2021;08-09-10;26;1,27068669;1,282780104
2021;09-10-11;26;1,257226428;1,27068669
2021;10-11-12;26;1,244128913;1,257226428
2021;11-12-01;26;1,233961064;1,244128913
2021;12-01-02;26;1,224069172;1,233961064
2022;01-02-03;26;1,212270152;1,224069172
2022;02-03-04;26;1,197796682;1,212270152
2022;03-04-05;26;1,185175635;1,197796682
2022;04-05-06;26;1,17419203;1,185175635
2022;05-06-07;26;1,16931047;1,17419203
2022;06-07-08;26;1,172031306;1,16931047
2022;07-08-09;26;1,180902638;1,172031306
2022;08-09-10;26;1,184448267;1,180902638
2022;09-10-11;26;1,180869914;1,184448267
2022;10-11-12;26;1,172202366;1,180869914
2022;11-12-01;26;1,167148776;1,172202366
2022;12-01-02;26;1,159805671;1,167148776
2023;01-02-03;26;1,153481659;1,159805671
2023;02-03-04;26;1,146751344;1,153481659
2023;03-04-05;26;1,142222287;1,146751344
2023;04-05-06;26;1,138967995;1,142222287
2023;05-06-07;26;1,134817575;1,138967995
2023;06-07-08;26;1,130876455;1,134817575
2023;07-08-09;26;1,127835488;1,130876455
2023;08-09-10;26;1,126645713;1,127835488
2023;09-10-11;26;1,127902084;1,126645713
2023;10-11-12;26;1,128561215;1,127902084
2023;11-12-01;26;1,126498734;1,128561215
2023;12-01-02;26;1,12060231;1,126498734
2024;01-02-03;26;1,114315751;1,12060231
2024;02-03-04;26;1,108361883;1,114315751
2024;03-04-05;26;1,103542499;1,108361883
2024;04-05-06;26;1,100292445;1,103542499
2024;05-06-07;26;1,097844769;1,100292445
2024;06-07-08;26;1,097232243;1,097844769
2024;07-08-09;26;1,095655213;1,097232243
2024;08-09-10;26;1,093465276;1,095655213
2024;09-10-11;26;1,089508615;1,093465276
2024;10-11-12;26;1,084951658;1,089508615
2024;11-12-01;26;1,081762432;1,084951658
2024;12-01-02;26;1,075083201;1,081762432
2025;01-02-03;26;1,068387622;1,075083201
2025;02-03-04;26;1,061430953;1,068387622
2025;03-04-05;26;1,057423396;1,061430953
2025;04-05-06;26;1,053561243;1,057423396
2025;05-06-07;26;1,049355614;1,053561243
2025;06-07-08;26;1,047954227;1,049355614
2025;07-08-09;26;1,045746996;1,047954227
2025;08-09-10;26;1,044068742;1,045746996
2025;09-10-11;26;1,041814205;1,044068742
2025;10-11-12;26;1,039607419;1,041814205
2025;11-12-01;26;1,037009699;1,039607419
2025;12-01-02;26;1,031652211;1,037009699
2026;01-02-03;26;1,024404459;1,031652211
2026;02-03-04;26;1,015410028;1,024404459
2026;03-04-05;26;1,005756257;1,015410028
2026;04-05-06;26;1;1,005756257
2012;01-02-03;27;2,235999433;2,245369441
2012;02-03-04;27;2,225287267;2,235999433
2012;03-04-05;27;2,213608287;2,225287267
2012;04-05-06;27;2,204909206;2,213608287
2012;05-06-07;27;2,196502538;2,204909206
2012;06-07-08;27;2,18951096;2,196502538
2012;07-08-09;27;2,178290514;2,18951096
2012;08-09-10;27;2,164619924;2,178290514
2012;09-10-11;27;2,149553876;2,164619924
2012;10-11-12;27;2,132999555;2,149553876
2012;11-12-01;27;2,115968678;2,132999555
2012;12-01-02;27;2,098005683;2,115968678
2013;01-02-03;27;2,082922121;2,098005683
2013;02-03-04;27;2,069680789;2,082922121
2013;03-04-05;27;2,05901904;2,069680789
2013;04-05-06;27;2,050083861;2,05901904
2013;05-06-07;27;2,04592046;2,050083861
2013;06-07-08;27;2,043965419;2,04592046
2013;07-08-09;27;2,042015774;2,043965419
2013;08-09-10;27;2,037189069;2,042015774
2013;09-10-11;27;2,029346033;2,037189069
2013;10-11-12;27;2,015970781;2,029346033
2013;11-12-01;27;2,001162137;2,015970781
2013;12-01-02;27;1,987149205;2,001162137
2014;01-02-03;27;1,975982836;1,987149205
2014;02-03-04;27;1,9631402;1,975982836
2014;03-04-05;27;1,948365305;1,9631402
2014;04-05-06;27;1,933986959;1,948365305
2014;05-06-07;27;1,927886259;1,933986959
2014;06-07-08;27;1,924864392;1,927886259
2014;07-08-09;27;1,921001439;1,924864392
2014;08-09-10;27;1,913399641;1,921001439
2014;09-10-11;27;1,904036043;1,913399641
2014;10-11-12;27;1,895727582;1,904036043
2014;11-12-01;27;1,883455883;1,895727582
2014;12-01-02;27;1,865578533;1,883455883
2015;01-02-03;27;1,845776762;1,865578533
2015;02-03-04;27;1,827458846;1,845776762
2015;03-04-05;27;1,811364817;1,827458846
2015;04-05-06;27;1,795027844;1,811364817
2015;05-06-07;27;1,780119875;1,795027844
2015;06-07-08;27;1,769993298;1,780119875
2015;07-08-09;27;1,763875941;1,769993298
2015;08-09-10;27;1,756082522;1,763875941
2015;09-10-11;27;1,743884163;1,756082522
2015;10-11-12;27;1,727387319;1,743884163
2015;11-12-01;27;1,706462152;1,727387319
2015;12-01-02;27;1,684945644;1,706462152
2016;01-02-03;27;1,669274067;1,684945644
2016;02-03-04;27;1,657993669;1,669274067
2016;03-04-05;27;1,648653244;1,657993669
2016;04-05-06;27;1,638071045;1,648653244
2016;05-06-07;27;1,627052785;1,638071045
2016;06-07-08;27;1,620180402;1,627052785
2016;07-08-09;27;1,613893337;1,620180402
2016;08-09-10;27;1,609786821;1,613893337
2016;09-10-11;27;1,605333742;1,609786821
2016;10-11-12;27;1,599841294;1,605333742
2016;11-12-01;27;1,593657525;1,599841294
2016;12-01-02;27;1,586403224;1,593657525
2017;01-02-03;27;1,579618423;1,586403224
2017;02-03-04;27;1,575357412;1,579618423
2017;03-04-05;27;1,571126054;1,575357412
2017;04-05-06;27;1,569297937;1,571126054
2017;05-06-07;27;1,566498394;1,569297937
2017;06-07-08;27;1,565863042;1,566498394
2017;07-08-09;27;1,564272388;1,565863042
2017;08-09-10;27;1,562245849;1,564272388
2017;09-10-11;27;1,560527651;1,562245849
2017;10-11-12;27;1,557579026;1,560527651
2017;11-12-01;27;1,555116709;1,557579026
2017;12-01-02;27;1,550527961;1,555116709
2018;01-02-03;27;1,548410043;1,550527961
2018;02-03-04;27;1,545884142;1,548410043
2018;03-04-05;27;1,540931608;1,545884142
2018;04-05-06;27;1,529253878;1,540931608
2018;05-06-07;27;1,519263394;1,529253878
2018;06-07-08;27;1,514621155;1,519263394
2018;07-08-09;27;1,514130371;1,514621155
2018;08-09-10;27;1,511632879;1,514130371
2018;09-10-11;27;1,508903118;1,511632879
2018;10-11-12;27;1,506055152;1,508903118
2018;11-12-01;27;1,503959214;1,506055152
2018;12-01-02;27;1,498789367;1,503959214
2019;01-02-03;27;1,490744745;1,498789367
2019;02-03-04;27;1,480220254;1,490744745
2019;03-04-05;27;1,470833847;1,480220254
2019;04-05-06;27;1,465999021;1,470833847
2019;05-06-07;27;1,465187619;1,465999021
2019;06-07-08;27;1,465334658;1,465187619
2019;07-08-09;27;1,465497534;1,465334658
2019;08-09-10;27;1,465541822;1,465497534
2019;09-10-11;27;1,46424059;1,465541822
2019;10-11-12;27;1,457052587;1,46424059
2019;11-12-01;27;1,448579156;1,457052587
2019;12-01-02;27;1,439863683;1,448579156
2020;01-02-03;27;1,435708946;1,439863683
2020;02-03-04;27;1,433655315;1,435708946
2020;03-04-05;27;1,435119435;1,433655315
2020;04-05-06;27;1,435778494;1,435119435
2020;05-06-07;27;1,433056473;1,435778494
2020;06-07-08;27;1,427796131;1,433056473
2020;07-08-09;27;1,421349117;1,427796131
2020;08-09-10;27;1,41405379;1,421349117
2020;09-10-11;27;1,403675597;1,41405379
2020;10-11-12;27;1,390256497;1,403675597
2020;11-12-01;27;1,37865438;1,390256497
2020;12-01-02;27;1,366459959;1,37865438
2021;01-02-03;27;1,357036432;1,366459959
2021;02-03-04;27;1,347558496;1,357036432
2021;03-04-05;27;1,338067451;1,347558496
2021;04-05-06;27;1,328654266;1,338067451
2021;05-06-07;27;1,317308637;1,328654266
2021;06-07-08;27;1,307542508;1,317308637
2021;07-08-09;27;1,296219191;1,307542508
2021;08-09-10;27;1,283694298;1,296219191
2021;09-10-11;27;1,269254956;1,283694298
2021;10-11-12;27;1,255759198;1,269254956
2021;11-12-01;27;1,24435654;1,255759198
2021;12-01-02;27;1,233868553;1,24435654
2022;01-02-03;27;1,220674108;1,233868553
2022;02-03-04;27;1,206690743;1,220674108
2022;03-04-05;27;1,19275575;1,206690743
2022;04-05-06;27;1,18141383;1,19275575
2022;05-06-07;27;1,176830463;1,18141383
2022;06-07-08;27;1,178851023;1,176830463
2022;07-08-09;27;1,186254712;1,178851023
2022;08-09-10;27;1,187821848;1,186254712
2022;09-10-11;27;1,185324776;1,187821848
2022;10-11-12;27;1,178822843;1,185324776
2022;11-12-01;27;1,172715142;1,178822843
2022;12-01-02;27;1,164608155;1,172715142
2023;01-02-03;27;1,157036739;1,164608155
2023;02-03-04;27;1,150273793;1,157036739
2023;03-04-05;27;1,14546834;1,150273793
2023;04-05-06;27;1,143210065;1,14546834
2023;05-06-07;27;1,141579172;1,143210065
2023;06-07-08;27;1,139779655;1,141579172
2023;07-08-09;27;1,136994718;1,139779655
2023;08-09-10;27;1,134977107;1,136994718
2023;09-10-11;27;1,134803077;1,134977107
2023;10-11-12;27;1,132923766;1,134803077
2023;11-12-01;27;1,129347199;1,132923766
2023;12-01-02;27;1,121969898;1,129347199
2024;01-02-03;27;1,115570479;1,121969898
2024;02-03-04;27;1,109394905;1,115570479
2024;03-04-05;27;1,10452975;1,109394905
2024;04-05-06;27;1,100754933;1,10452975
2024;05-06-07;27;1,097497237;1,100754933
2024;06-07-08;27;1,096546477;1,097497237
2024;07-08-09;27;1,094689073;1,096546477
2024;08-09-10;27;1,092257878;1,094689073
2024;09-10-11;27;1,088250308;1,092257878
2024;10-11-12;27;1,082852577;1,088250308
2024;11-12-01;27;1,078400082;1,082852577
2024;12-01-02;27;1,070454002;1,078400082
2025;01-02-03;27;1,063534741;1,070454002
2025;02-03-04;27;1,056400819;1,063534741
2025;03-04-05;27;1,052407836;1,056400819
2025;04-05-06;27;1,048780828;1,052407836
2025;05-06-07;27;1,045781879;1,048780828
2025;06-07-08;27;1,044840676;1,045781879
2025;07-08-09;27;1,043450068;1,044840676
2025;08-09-10;27;1,042302551;1,043450068
2025;09-10-11;27;1,040458199;1,042302551
2025;10-11-12;27;1,038723353;1,040458199
2025;11-12-01;27;1,035776833;1,038723353
2025;12-01-02;27;1,030983679;1,035776833
2026;01-02-03;27;1,023418172;1,030983679
2026;02-03-04;27;1,014664224;1,023418172
2026;03-04-05;27;1,00548287;1,014664224
2026;04-05-06;27;1;1,00548287
2012;01-02-03;28;2,224037661;2,233357543
2012;02-03-04;28;2,213382801;2,224037661
2012;03-04-05;28;2,201766299;2,213382801
2012;04-05-06;28;2,193113755;2,201766299
2012;05-06-07;28;2,18475206;2,193113755
2012;06-07-08;28;2,177797884;2,18475206
2012;07-08-09;28;2,166637463;2,177797884
2012;08-09-10;28;2,153040006;2,166637463
2012;09-10-11;28;2,138054555;2,153040006
2012;10-11-12;28;2,121588794;2,138054555
2012;11-12-01;28;2,104649027;2,121588794
2012;12-01-02;28;2,086782126;2,104649027
2013;01-02-03;28;2,071779257;2,086782126
2013;02-03-04;28;2,05860876;2,071779257
2013;03-04-05;28;2,048004047;2,05860876
2013;04-05-06;28;2,039116669;2,048004047
2013;05-06-07;28;2,034975541;2,039116669
2013;06-07-08;28;2,033030958;2,034975541
2013;07-08-09;28;2,031091743;2,033030958
2013;08-09-10;28;2,026290859;2,031091743
2013;09-10-11;28;2,01848978;2,026290859
2013;10-11-12;28;2,005186082;2,01848978
2013;11-12-01;28;1,990456658;2,005186082
2013;12-01-02;28;1,97651869;1,990456658
2014;01-02-03;28;1,965412057;1,97651869
2014;02-03-04;28;1,952638124;1,965412057
2014;03-04-05;28;1,937942269;1,952638124
2014;04-05-06;28;1,923640842;1,937942269
2014;05-06-07;28;1,917572778;1,923640842
2014;06-07-08;28;1,914567078;1,917572778
2014;07-08-09;28;1,91072479;1,914567078
2014;08-09-10;28;1,903163659;1,91072479
2014;09-10-11;28;1,893850153;1,903163659
2014;10-11-12;28;1,885586139;1,893850153
2014;11-12-01;28;1,873380089;1,885586139
2014;12-01-02;28;1,855598376;1,873380089
2015;01-02-03;28;1,835902537;1,855598376
2015;02-03-04;28;1,817682615;1,835902537
2015;03-04-05;28;1,801674684;1,817682615
2015;04-05-06;28;1,785425107;1,801674684
2015;05-06-07;28;1,77059689;1,785425107
2015;06-07-08;28;1,760524487;1,77059689
2015;07-08-09;28;1,754439856;1,760524487
2015;08-09-10;28;1,746688128;1,754439856
2015;09-10-11;28;1,734555026;1,746688128
2015;10-11-12;28;1,718146434;1,734555026
2015;11-12-01;28;1,697333209;1,718146434
2015;12-01-02;28;1,675931807;1,697333209
2016;01-02-03;28;1,660344067;1,675931807
2016;02-03-04;28;1,649124014;1,660344067
2016;03-04-05;28;1,639833557;1,649124014
2016;04-05-06;28;1,629307969;1,639833557
2016;05-06-07;28;1,618348653;1,629307969
2016;06-07-08;28;1,611513034;1,618348653
2016;07-08-09;28;1,605259603;1,611513034
2016;08-09-10;28;1,601175055;1,605259603
2016;09-10-11;28;1,596745799;1,601175055
2016;10-11-12;28;1,591282733;1,596745799
2016;11-12-01;28;1,585132045;1,591282733
2016;12-01-02;28;1,577916552;1,585132045
2017;01-02-03;28;1,571168048;1,577916552
2017;02-03-04;28;1,566929831;1,571168048
2017;03-04-05;28;1,562721109;1,566929831
2017;04-05-06;28;1,560902772;1,562721109
2017;05-06-07;28;1,558118205;1,560902772
2017;06-07-08;28;1,557486253;1,558118205
2017;07-08-09;28;1,555904107;1,557486253
2017;08-09-10;28;1,55388841;1,555904107
2017;09-10-11;28;1,552179404;1,55388841
2017;10-11-12;28;1,549246552;1,552179404
2017;11-12-01;28;1,546797408;1,549246552
2017;12-01-02;28;1,542233208;1,546797408
2018;01-02-03;28;1,54012662;1,542233208
2018;02-03-04;28;1,537614232;1,54012662
2018;03-04-05;28;1,534966137;1,537614232
2018;04-05-06;28;1,52475198;1,534966137
2018;05-06-07;28;1,516574548;1,52475198
2018;06-07-08;28;1,510157885;1,516574548
2018;07-08-09;28;1,50987147;1,510157885
2018;08-09-10;28;1,506699949;1,50987147
2018;09-10-11;28;1,505246167;1,506699949
2018;10-11-12;28;1,50085696;1,505246167
2018;11-12-01;28;1,49760226;1,50085696
2018;12-01-02;28;1,490125123;1,49760226
2019;01-02-03;28;1,480034258;1,490125123
2019;02-03-04;28;1,467544582;1,480034258
2019;03-04-05;28;1,456168155;1,467544582
2019;04-05-06;28;1,451219073;1,456168155
2019;05-06-07;28;1,449488908;1,451219073
2019;06-07-08;28;1,451667971;1,449488908
2019;07-08-09;28;1,453060934;1,451667971
2019;08-09-10;28;1,454900915;1,453060934
2019;09-10-11;28;1,453799428;1,454900915
2019;10-11-12;28;1,447674202;1,453799428
2019;11-12-01;28;1,439931452;1,447674202
2019;12-01-02;28;1,429771183;1,439931452
2020;01-02-03;28;1,422839002;1,429771183
2020;02-03-04;28;1,41708989;1,422839002
2020;03-04-05;28;1,416819996;1,41708989
2020;04-05-06;28;1,418337333;1,416819996
2020;05-06-07;28;1,419094284;1,418337333
2020;06-07-08;28;1,418911601;1,419094284
2020;07-08-09;28;1,4154489;1,418911601
2020;08-09-10;28;1,409329542;1,4154489
2020;09-10-11;28;1,399917369;1,409329542
2020;10-11-12;28;1,389736456;1,399917369
2020;11-12-01;28;1,381852167;1,389736456
2020;12-01-02;28;1,371146953;1,381852167
2021;01-02-03;28;1,35968449;1,371146953
2021;02-03-04;28;1,346736207;1,35968449
2021;03-04-05;28;1,335800856;1,346736207
2021;04-05-06;28;1,327718062;1,335800856
2021;05-06-07;28;1,320625476;1,327718062
2021;06-07-08;28;1,313449088;1,320625476
2021;07-08-09;28;1,303141961;1,313449088
2021;08-09-10;28;1,290332843;1,303141961
2021;09-10-11;28;1,276538891;1,290332843
2021;10-11-12;28;1,263992509;1,276538891
2021;11-12-01;28;1,252541462;1,263992509
2021;12-01-02;28;1,239763384;1,252541462
2022;01-02-03;28;1,225069444;1,239763384
2022;02-03-04;28;1,208759173;1,225069444
2022;03-04-05;28;1,194752145;1,208759173
2022;04-05-06;28;1,183849068;1,194752145
2022;05-06-07;28;1,183082332;1,183849068
2022;06-07-08;28;1,187174278;1,183082332
2022;07-08-09;28;1,194462075;1,187174278
2022;08-09-10;28;1,194613155;1,194462075
2022;09-10-11;28;1,192318772;1,194613155
2022;10-11-12;28;1,186933412;1,192318772
2022;11-12-01;28;1,181383666;1,186933412
2022;12-01-02;28;1,172893494;1,181383666
2023;01-02-03;28;1,164313967;1,172893494
2023;02-03-04;28;1,156713802;1,164313967
2023;03-04-05;28;1,151190334;1,156713802
2023;04-05-06;28;1,147376039;1,151190334
2023;05-06-07;28;1,144076323;1,147376039
2023;06-07-08;28;1,140811018;1,144076323
2023;07-08-09;28;1,138254058;1,140811018
2023;08-09-10;28;1,136316842;1,138254058
2023;09-10-11;28;1,134950585;1,136316842
2023;10-11-12;28;1,134963566;1,134950585
2023;11-12-01;28;1,132603745;1,134963566
2023;12-01-02;28;1,126845608;1,132603745
2024;01-02-03;28;1,118196577;1,126845608
2024;02-03-04;28;1,109419371;1,118196577
2024;03-04-05;28;1,102488507;1,109419371
2024;04-05-06;28;1,097171994;1,102488507
2024;05-06-07;28;1,094038544;1,097171994
2024;06-07-08;28;1,094298517;1,094038544
2024;07-08-09;28;1,094582188;1,094298517
2024;08-09-10;28;1,095131822;1,094582188
2024;09-10-11;28;1,093606052;1,095131822
2024;10-11-12;28;1,089915797;1,093606052
2024;11-12-01;28;1,08449762;1,089915797
2024;12-01-02;28;1,074084324;1,08449762
2025;01-02-03;28;1,064744329;1,074084324
2025;02-03-04;28;1,056223561;1,064744329
2025;03-04-05;28;1,052611014;1,056223561
2025;04-05-06;28;1,049914034;1,052611014
2025;05-06-07;28;1,047594033;1,049914034
2025;06-07-08;28;1,047003837;1,047594033
2025;07-08-09;28;1,045098095;1,047003837
2025;08-09-10;28;1,043496011;1,045098095
2025;09-10-11;28;1,041353629;1,043496011
2025;10-11-12;28;1,039781477;1,041353629
2025;11-12-01;28;1,03748968;1,039781477
2025;12-01-02;28;1,032531751;1,03748968
2026;01-02-03;28;1,025658578;1,032531751
2026;02-03-04;28;1,017374336;1,025658578
2026;03-04-05;28;1,007054971;1,017374336
2026;04-05-06;28;1;1,007054971
2012;01-02-03;29;2,187757296;2,195232615
2012;02-03-04;29;2,180025955;2,187757296
2012;03-04-05;29;2,169882372;2,180025955
2012;04-05-06;29;2,1606859;2,169882372
2012;05-06-07;29;2,150247872;2,1606859
2012;06-07-08;29;2,142718382;2,150247872
2012;07-08-09;29;2,132488508;2,142718382
2012;08-09-10;29;2,120083235;2,132488508
2012;09-10-11;29;2,105386512;2,120083235
2012;10-11-12;29;2,089446243;2,105386512
2012;11-12-01;29;2,073726856;2,089446243
2012;12-01-02;29;2,058038671;2,073726856
2013;01-02-03;29;2,044149428;2,058038671
2013;02-03-04;29;2,033307961;2,044149428
2013;03-04-05;29;2,025464764;2,033307961
2013;04-05-06;29;2,018472131;2,025464764
2013;05-06-07;29;2,015590236;2,018472131
2013;06-07-08;29;2,013376321;2,015590236
2013;07-08-09;29;2,01354791;2,013376321
2013;08-09-10;29;2,011446506;2,01354791
2013;09-10-11;29;2,00767865;2,011446506
2013;10-11-12;29;1,995190996;2,00767865
2013;11-12-01;29;1,97906357;1,995190996
2013;12-01-02;29;1,962544889;1,97906357
2014;01-02-03;29;1,950178439;1,962544889
2014;02-03-04;29;1,93723542;1,950178439
2014;03-04-05;29;1,925001841;1,93723542
2014;04-05-06;29;1,913171127;1,925001841
2014;05-06-07;29;1,910468574;1,913171127
2014;06-07-08;29;1,907954058;1,910468574
2014;07-08-09;29;1,903351118;1,907954058
2014;08-09-10;29;1,894599093;1,903351118
2014;09-10-11;29;1,885353675;1,894599093
2014;10-11-12;29;1,878233824;1,885353675
2014;11-12-01;29;1,865986204;1,878233824
2014;12-01-02;29;1,846288657;1,865986204
2015;01-02-03;29;1,825547579;1,846288657
2015;02-03-04;29;1,807372559;1,825547579
2015;03-04-05;29;1,794471257;1,807372559
2015;04-05-06;29;1,780681909;1,794471257
2015;05-06-07;29;1,768196812;1,780681909
2015;06-07-08;29;1,757999297;1,768196812
2015;07-08-09;29;1,752226141;1,757999297
2015;08-09-10;29;1,744743883;1,752226141
2015;09-10-11;29;1,732821051;1,744743883
2015;10-11-12;29;1,717163698;1,732821051
2015;11-12-01;29;1,695559115;1,717163698
2015;12-01-02;29;1,672970037;1,695559115
2016;01-02-03;29;1,656769881;1,672970037
2016;02-03-04;29;1,64642596;1,656769881
2016;03-04-05;29;1,63926722;1,64642596
2016;04-05-06;29;1,629615258;1,63926722
2016;05-06-07;29;1,618382385;1,629615258
2016;06-07-08;29;1,611207868;1,618382385
2016;07-08-09;29;1,605748552;1,611207868
2016;08-09-10;29;1,602545953;1,605748552
2016;09-10-11;29;1,600072397;1,602545953
2016;10-11-12;29;1,59598192;1,600072397
2016;11-12-01;29;1,591003279;1,59598192
2016;12-01-02;29;1,582787954;1,591003279
2017;01-02-03;29;1,576092514;1,582787954
2017;02-03-04;29;1,574067849;1,576092514
2017;03-04-05;29;1,573309081;1,574067849
2017;04-05-06;29;1,573197709;1,573309081
2017;05-06-07;29;1,570091511;1,573197709
2017;06-07-08;29;1,569003488;1,570091511
2017;07-08-09;29;1,566264799;1,569003488
2017;08-09-10;29;1,562966003;1,566264799
2017;09-10-11;29;1,560716002;1,562966003
2017;10-11-12;29;1,559188938;1,560716002
2017;11-12-01;29;1,558212977;1,559188938
2017;12-01-02;29;1,55304701;1,558212977
2018;01-02-03;29;1,549828686;1,55304701
2018;02-03-04;29;1,546632951;1,549828686
2018;03-04-05;29;1,54053814;1,546632951
2018;04-05-06;29;1,528723964;1,54053814
2018;05-06-07;29;1,517588655;1,528723964
2018;06-07-08;29;1,513469388;1,517588655
2018;07-08-09;29;1,511874433;1,513469388
2018;08-09-10;29;1,50915735;1,511874433
2018;09-10-11;29;1,506642951;1,50915735
2018;10-11-12;29;1,503065229;1,506642951
2018;11-12-01;29;1,499930932;1,503065229
2018;12-01-02;29;1,4943905;1,499930932
2019;01-02-03;29;1,48787449;1,4943905
2019;02-03-04;29;1,479137628;1,48787449
2019;03-04-05;29;1,470812512;1,479137628
2019;04-05-06;29;1,466213776;1,470812512
2019;05-06-07;29;1,466345995;1,466213776
2019;06-07-08;29;1,466819758;1,466345995
2019;07-08-09;29;1,466620193;1,466819758
2019;08-09-10;29;1,465311823;1,466620193
2019;09-10-11;29;1,463098513;1,465311823
2019;10-11-12;29;1,455452152;1,463098513
2019;11-12-01;29;1,446629622;1,455452152
2019;12-01-02;29;1,438220806;1,446629622
2020;01-02-03;29;1,435027929;1,438220806
2020;02-03-04;29;1,434213412;1,435027929
2020;03-04-05;29;1,436415263;1,434213412
2020;04-05-06;29;1,436183481;1,436415263
2020;05-06-07;29;1,432234276;1,436183481
2020;06-07-08;29;1,425451885;1,432234276
2020;07-08-09;29;1,420810082;1,425451885
2020;08-09-10;29;1,416994305;1,420810082
2020;09-10-11;29;1,408317671;1,416994305
2020;10-11-12;29;1,396497622;1,408317671
2020;11-12-01;29;1,385677184;1,396497622
2020;12-01-02;29;1,376006802;1,385677184
2021;01-02-03;29;1,366898994;1,376006802
2021;02-03-04;29;1,358655764;1,366898994
2021;03-04-05;29;1,349582788;1,358655764
2021;04-05-06;29;1,340330837;1,349582788
2021;05-06-07;29;1,328298244;1,340330837
2021;06-07-08;29;1,318186848;1,328298244
2021;07-08-09;29;1,307065428;1,318186848
2021;08-09-10;29;1,294000461;1,307065428
2021;09-10-11;29;1,278037327;1,294000461
2021;10-11-12;29;1,262587608;1,278037327
2021;11-12-01;29;1,248834846;1,262587608
2021;12-01-02;29;1,237594174;1,248834846
2022;01-02-03;29;1,224419347;1,237594174
2022;02-03-04;29;1,212165154;1,224419347
2022;03-04-05;29;1,198207412;1,212165154
2022;04-05-06;29;1,185505342;1,198207412
2022;05-06-07;29;1,179791212;1,185505342
2022;06-07-08;29;1,179773813;1,179791212
2022;07-08-09;29;1,185893629;1,179773813
2022;08-09-10;29;1,185413476;1,185893629
2022;09-10-11;29;1,183252651;1,185413476
2022;10-11-12;29;1,178332731;1,183252651
2022;11-12-01;29;1,17155865;1,178332731
2022;12-01-02;29;1,162697896;1,17155865
2023;01-02-03;29;1,153722349;1,162697896
2023;02-03-04;29;1,14702627;1,153722349
2023;03-04-05;29;1,142084573;1,14702627
2023;04-05-06;29;1,139704652;1,142084573
2023;05-06-07;29;1,138264206;1,139704652
2023;06-07-08;29;1,137505264;1,138264206
2023;07-08-09;29;1,135716651;1,137505264
2023;08-09-10;29;1,13379677;1,135716651
2023;09-10-11;29;1,133189627;1,13379677
2023;10-11-12;29;1,129590657;1,133189627
2023;11-12-01;29;1,126581127;1,129590657
2023;12-01-02;29;1,11935379;1,126581127
2024;01-02-03;29;1,114685811;1,11935379
2024;02-03-04;29;1,108217304;1,114685811
2024;03-04-05;29;1,103149812;1,108217304
2024;04-05-06;29;1,098847214;1,103149812
2024;05-06-07;29;1,096177201;1,098847214
2024;06-07-08;29;1,095514811;1,096177201
2024;07-08-09;29;1,093719742;1,095514811
2024;08-09-10;29;1,090857549;1,093719742
2024;09-10-11;29;1,08709382;1,090857549
2024;10-11-12;29;1,081124334;1,08709382
2024;11-12-01;29;1,075550732;1,081124334
2024;12-01-02;29;1,066127978;1,075550732
2025;01-02-03;29;1,058476996;1,066127978
2025;02-03-04;29;1,051687071;1,058476996
2025;03-04-05;29;1,048461271;1,051687071
2025;04-05-06;29;1,045677177;1,048461271
2025;05-06-07;29;1,043377046;1,045677177
2025;06-07-08;29;1,042572127;1,043377046
2025;07-08-09;29;1,042188191;1,042572127
2025;08-09-10;29;1,041676854;1,042188191
2025;09-10-11;29;1,040850245;1,041676854
2025;10-11-12;29;1,038569988;1,040850245
2025;11-12-01;29;1,034714313;1,038569988
2025;12-01-02;29;1,029578204;1,034714313
2026;01-02-03;29;1,021469957;1,029578204
2026;02-03-04;29;1,013038339;1,021469957
2026;03-04-05;29;1,004326595;1,013038339
2026;04-05-06;29;1;1,004326595
2012;01-02-03;31;2,16765248;2,179502249
2012;02-03-04;31;2,156631773;2,16765248
2012;03-04-05;31;2,145199599;2,156631773
2012;04-05-06;31;2,136136589;2,145199599
2012;05-06-07;31;2,128266944;2,136136589
2012;06-07-08;31;2,122431741;2,128266944
2012;07-08-09;31;2,112539222;2,122431741
2012;08-09-10;31;2,102122906;2,112539222
2012;09-10-11;31;2,090415813;2,102122906
2012;10-11-12;31;2,07965606;2,090415813
2012;11-12-01;31;2,067128036;2,07965606
2012;12-01-02;31;2,052788065;2,067128036
2013;01-02-03;31;2,037880489;2,052788065
2013;02-03-04;31;2,023676055;2,037880489
2013;03-04-05;31;2,012041744;2,023676055
2013;04-05-06;31;2,003321186;2,012041744
2013;05-06-07;31;1,998595381;2,003321186
2013;06-07-08;31;1,996957581;1,998595381
2013;07-08-09;31;1,994609516;1,996957581
2013;08-09-10;31;1,989762555;1,994609516
2013;09-10-11;31;1,981435449;1,989762555
2013;10-11-12;31;1,969898499;1,981435449
2013;11-12-01;31;1,956964716;1,969898499
2013;12-01-02;31;1,942833103;1,956964716
2014;01-02-03;31;1,928919617;1,942833103
2014;02-03-04;31;1,914473391;1,928919617
2014;03-04-05;31;1,900523289;1,914473391
2014;04-05-06;31;1,888966293;1,900523289
2014;05-06-07;31;1,881987758;1,888966293
2014;06-07-08;31;1,879329466;1,881987758
2014;07-08-09;31;1,876415102;1,879329466
2014;08-09-10;31;1,871394652;1,876415102
2014;09-10-11;31;1,863722857;1,871394652
2014;10-11-12;31;1,856187196;1,863722857
2014;11-12-01;31;1,844365825;1,856187196
2014;12-01-02;31;1,8285319;1,844365825
2015;01-02-03;31;1,806604695;1,8285319
2015;02-03-04;31;1,787458298;1,806604695
2015;03-04-05;31;1,77074188;1,787458298
2015;04-05-06;31;1,758534409;1,77074188
2015;05-06-07;31;1,746470684;1,758534409
2015;06-07-08;31;1,738302079;1,746470684
2015;07-08-09;31;1,731926375;1,738302079
2015;08-09-10;31;1,725710899;1,731926375
2015;09-10-11;31;1,715027915;1,725710899
2015;10-11-12;31;1,703460476;1,715027915
2015;11-12-01;31;1,688764508;1,703460476
2015;12-01-02;31;1,673358339;1,688764508
2016;01-02-03;31;1,658688402;1,673358339
2016;02-03-04;31;1,646745665;1,658688402
2016;03-04-05;31;1,635975438;1,646745665
2016;04-05-06;31;1,62434564;1,635975438
2016;05-06-07;31;1,613190221;1,62434564
2016;06-07-08;31;1,604697464;1,613190221
2016;07-08-09;31;1,60006368;1,604697464
2016;08-09-10;31;1,59704037;1,60006368
2016;09-10-11;31;1,594756037;1,59704037
2016;10-11-12;31;1,590881472;1,594756037
2016;11-12-01;31;1,585361251;1,590881472
2016;12-01-02;31;1,578892749;1,585361251
2017;01-02-03;31;1,573966973;1,578892749
2017;02-03-04;31;1,572813686;1,573966973
2017;03-04-05;31;1,572360795;1,572813686
2017;04-05-06;31;1,574213708;1,572360795
2017;05-06-07;31;1,574056226;1,574213708
2017;06-07-08;31;1,573433624;1,574056226
2017;07-08-09;31;1,569041938;1,573433624
2017;08-09-10;31;1,564466613;1,569041938
2017;09-10-11;31;1,561875989;1,564466613
2017;10-11-12;31;1,558832336;1,561875989
2017;11-12-01;31;1,555721779;1,558832336
2017;12-01-02;31;1,550508472;1,555721779
2018;01-02-03;31;1,545796526;1,550508472
2018;02-03-04;31;1,54178198;1,545796526
2018;03-04-05;31;1,538515336;1,54178198
2018;04-05-06;31;1,526974874;1,538515336
2018;05-06-07;31;1,515808484;1,526974874
2018;06-07-08;31;1,505773714;1,515808484
2018;07-08-09;31;1,503581036;1,505773714
2018;08-09-10;31;1,500247862;1,503581036
2018;09-10-11;31;1,497303392;1,500247862
2018;10-11-12;31;1,495693569;1,497303392
2018;11-12-01;31;1,492612519;1,495693569
2018;12-01-02;31;1,486559548;1,492612519
2019;01-02-03;31;1,479135093;1,486559548
2019;02-03-04;31;1,47312116;1,479135093
2019;03-04-05;31;1,468587279;1,47312116
2019;04-05-06;31;1,464810433;1,468587279
2019;05-06-07;31;1,461934589;1,464810433
2019;06-07-08;31;1,459491796;1,461934589
2019;07-08-09;31;1,458623568;1,459491796
2019;08-09-10;31;1,458074888;1,458623568
2019;09-10-11;31;1,455924559;1,458074888
2019;10-11-12;31;1,447855009;1,455924559
2019;11-12-01;31;1,439723633;1,447855009
2019;12-01-02;31;1,431430729;1,439723633
2020;01-02-03;31;1,427894877;1,431430729
2020;02-03-04;31;1,426318853;1,427894877
2020;03-04-05;31;1,429975297;1,426318853
2020;04-05-06;31;1,433620193;1,429975297
2020;05-06-07;31;1,434392966;1,433620193
2020;06-07-08;31;1,431285975;1,434392966
2020;07-08-09;31;1,424846601;1,431285975
2020;08-09-10;31;1,415196853;1,424846601
2020;09-10-11;31;1,40216406;1,415196853
2020;10-11-12;31;1,385694684;1,40216406
2020;11-12-01;31;1,372845713;1,385694684
2020;12-01-02;31;1,361127441;1,372845713
2021;01-02-03;31;1,351027604;1,361127441
2021;02-03-04;31;1,340877139;1,351027604
2021;03-04-05;31;1,330563572;1,340877139
2021;04-05-06;31;1,323610951;1,330563572
2021;05-06-07;31;1,315192744;1,323610951
2021;06-07-08;31;1,308375738;1,315192744
2021;07-08-09;31;1,297630465;1,308375738
2021;08-09-10;31;1,284807082;1,297630465
2021;09-10-11;31;1,270072051;1,284807082
2021;10-11-12;31;1,257954659;1,270072051
2021;11-12-01;31;1,247675323;1,257954659
2021;12-01-02;31;1,236854096;1,247675323
2022;01-02-03;31;1,22332934;1,236854096
2022;02-03-04;31;1,208959713;1,22332934
2022;03-04-05;31;1,198003215;1,208959713
2022;04-05-06;31;1,189507222;1,198003215
2022;05-06-07;31;1,189454805;1,189507222
2022;06-07-08;31;1,195423753;1,189454805
2022;07-08-09;31;1,206202357;1,195423753
2022;08-09-10;31;1,210540394;1,206202357
2022;09-10-11;31;1,207607835;1,210540394
2022;10-11-12;31;1,200422554;1,207607835
2022;11-12-01;31;1,192170302;1,200422554
2022;12-01-02;31;1,182909139;1,192170302
2023;01-02-03;31;1,17499127;1,182909139
2023;02-03-04;31;1,16796941;1,17499127
2023;03-04-05;31;1,162261334;1,16796941
2023;04-05-06;31;1,156905469;1,162261334
2023;05-06-07;31;1,154484205;1,156905469
2023;06-07-08;31;1,154207779;1,154484205
2023;07-08-09;31;1,154165498;1,154207779
2023;08-09-10;31;1,15181563;1,154165498
2023;09-10-11;31;1,148122088;1,15181563
2023;10-11-12;31;1,142340022;1,148122088
2023;11-12-01;31;1,134120235;1,142340022
2023;12-01-02;31;1,123922708;1,134120235
2024;01-02-03;31;1,116341482;1,123922708
2024;02-03-04;31;1,111185005;1,116341482
2024;03-04-05;31;1,106742232;1,111185005
2024;04-05-06;31;1,101103898;1,106742232
2024;05-06-07;31;1,096160845;1,101103898
2024;06-07-08;31;1,093068704;1,096160845
2024;07-08-09;31;1,089779713;1,093068704
2024;08-09-10;31;1,085650665;1,089779713
2024;09-10-11;31;1,079948432;1,085650665
2024;10-11-12;31;1,075208383;1,079948432
2024;11-12-01;31;1,070752423;1,075208383
2024;12-01-02;31;1,063675041;1,070752423
2025;01-02-03;31;1,056128618;1,063675041
2025;02-03-04;31;1,048429426;1,056128618
2025;03-04-05;31;1,044727206;1,048429426
2025;04-05-06;31;1,040611938;1,044727206
2025;05-06-07;31;1,037435091;1,040611938
2025;06-07-08;31;1,035735221;1,037435091
2025;07-08-09;31;1,034792882;1,035735221
2025;08-09-10;31;1,035120653;1,034792882
2025;09-10-11;31;1,03442346;1,035120653
2025;10-11-12;31;1,033375852;1,03442346
2025;11-12-01;31;1,030329476;1,033375852
2025;12-01-02;31;1,024831305;1,030329476
2026;01-02-03;31;1,017588031;1,024831305
2026;02-03-04;31;1,009833295;1,017588031
2026;03-04-05;31;1,003547866;1,009833295
2026;04-05-06;31;1;1,003547866
2012;01-02-03;32;2,174531596;2,184077445
2012;02-03-04;32;2,165142595;2,174531596
2012;03-04-05;32;2,15759091;2,165142595
2012;04-05-06;32;2,150374739;2,15759091
2012;05-06-07;32;2,145024928;2,150374739
2012;06-07-08;32;2,13909841;2,145024928
2012;07-08-09;32;2,129641317;2,13909841
2012;08-09-10;32;2,119546263;2,129641317
2012;09-10-11;32;2,10834106;2,119546263
2012;10-11-12;32;2,095923439;2,10834106
2012;11-12-01;32;2,080977588;2,095923439
2012;12-01-02;32;2,065596845;2,080977588
2013;01-02-03;32;2,052306098;2,065596845
2013;02-03-04;32;2,041186827;2,052306098
2013;03-04-05;32;2,031777899;2,041186827
2013;04-05-06;32;2,023137417;2,031777899
2013;05-06-07;32;2,018290491;2,023137417
2013;06-07-08;32;2,014574405;2,018290491
2013;07-08-09;32;2,010851468;2,014574405
2013;08-09-10;32;2,003164278;2,010851468
2013;09-10-11;32;1,993240784;2,003164278
2013;10-11-12;32;1,979370993;1,993240784
2013;11-12-01;32;1,965897837;1,979370993
2013;12-01-02;32;1,952364979;1,965897837
2014;01-02-03;32;1,941214885;1,952364979
2014;02-03-04;32;1,929849646;1,941214885
2014;03-04-05;32;1,920135024;1,929849646
2014;04-05-06;32;1,911647719;1,920135024
2014;05-06-07;32;1,908420295;1,911647719
2014;06-07-08;32;1,901433203;1,908420295
2014;07-08-09;32;1,89109575;1,901433203
2014;08-09-10;32;1,876744408;1,89109575
2014;09-10-11;32;1,867907569;1,876744408
2014;10-11-12;32;1,859770051;1,867907569
2014;11-12-01;32;1,846987642;1,859770051
2014;12-01-02;32;1,83030303;1,846987642
2015;01-02-03;32;1,810110202;1,83030303
2015;02-03-04;32;1,794089664;1,810110202
2015;03-04-05;32;1,778375103;1,794089664
2015;04-05-06;32;1,768500923;1,778375103
2015;05-06-07;32;1,761185207;1,768500923
2015;06-07-08;32;1,756372969;1,761185207
2015;07-08-09;32;1,747662413;1,756372969
2015;08-09-10;32;1,735316225;1,747662413
2015;09-10-11;32;1,719917094;1,735316225
2015;10-11-12;32;1,70535471;1,719917094
2015;11-12-01;32;1,68869323;1,70535471
2015;12-01-02;32;1,675159034;1,68869323
2016;01-02-03;32;1,666394445;1,675159034
2016;02-03-04;32;1,660537265;1,666394445
2016;03-04-05;32;1,652848176;1,660537265
2016;04-05-06;32;1,644337026;1,652848176
2016;05-06-07;32;1,636110326;1,644337026
2016;06-07-08;32;1,627590591;1,636110326
2016;07-08-09;32;1,62170967;1,627590591
2016;08-09-10;32;1,619788238;1,62170967
2016;09-10-11;32;1,619903269;1,619788238
2016;10-11-12;32;1,615786772;1,619903269
2016;11-12-01;32;1,607107611;1,615786772
2016;12-01-02;32;1,599054353;1,607107611
2017;01-02-03;32;1,593673491;1,599054353
2017;02-03-04;32;1,590936125;1,593673491
2017;03-04-05;32;1,587594037;1,590936125
2017;04-05-06;32;1,58611292;1,587594037
2017;05-06-07;32;1,585480314;1,58611292
2017;06-07-08;32;1,584445713;1,585480314
2017;07-08-09;32;1,5794107;1,584445713
2017;08-09-10;32;1,575086338;1,5794107
2017;09-10-11;32;1,57292042;1,575086338
2017;10-11-12;32;1,571517573;1,57292042
2017;11-12-01;32;1,565945775;1,571517573
2017;12-01-02;32;1,559478165;1,565945775
2018;01-02-03;32;1,556494803;1,559478165
2018;02-03-04;32;1,556146099;1,556494803
2018;03-04-05;32;1,553287473;1,556146099
2018;04-05-06;32;1,542352749;1,553287473
2018;05-06-07;32;1,531575699;1,542352749
2018;06-07-08;32;1,524338278;1,531575699
2018;07-08-09;32;1,519155227;1,524338278
2018;08-09-10;32;1,511389304;1,519155227
2018;09-10-11;32;1,504994935;1,511389304
2018;10-11-12;32;1,503024202;1,504994935
2018;11-12-01;32;1,503169041;1,503024202
2018;12-01-02;32;1,498908748;1,503169041
2019;01-02-03;32;1,492698024;1,498908748
2019;02-03-04;32;1,486331081;1,492698024
2019;03-04-05;32;1,482394968;1,486331081
2019;04-05-06;32;1,477708442;1,482394968
2019;05-06-07;32;1,474384994;1,477708442
2019;06-07-08;32;1,473994325;1,474384994
2019;07-08-09;32;1,47638162;1,473994325
2019;08-09-10;32;1,477557658;1,47638162
2019;09-10-11;32;1,474315879;1,477557658
2019;10-11-12;32;1,466805448;1,474315879
2019;11-12-01;32;1,459334139;1,466805448
2019;12-01-02;32;1,452194742;1,459334139
2020;01-02-03;32;1,448586397;1,452194742
2020;02-03-04;32;1,446814893;1,448586397
2020;03-04-05;32;1,448965722;1,446814893
2020;04-05-06;32;1,449006984;1,448965722
2020;05-06-07;32;1,447636686;1,449006984
2020;06-07-08;32;1,444089886;1,447636686
2020;07-08-09;32;1,439239858;1,444089886
2020;08-09-10;32;1,43106936;1,439239858
2020;09-10-11;32;1,418247938;1,43106936
2020;10-11-12;32;1,402821858;1,418247938
2020;11-12-01;32;1,389752408;1,402821858
2020;12-01-02;32;1,376697892;1,389752408
2021;01-02-03;32;1,365158647;1,376697892
2021;02-03-04;32;1,354025832;1,365158647
2021;03-04-05;32;1,344127219;1,354025832
2021;04-05-06;32;1,336512585;1,344127219
2021;05-06-07;32;1,326739106;1,336512585
2021;06-07-08;32;1,314544876;1,326739106
2021;07-08-09;32;1,299677545;1,314544876
2021;08-09-10;32;1,282236024;1,299677545
2021;09-10-11;32;1,26628383;1,282236024
2021;10-11-12;32;1,252649537;1,26628383
2021;11-12-01;32;1,243064354;1,252649537
2021;12-01-02;32;1,234141193;1,243064354
2022;01-02-03;32;1,222172837;1,234141193
2022;02-03-04;32;1,209321093;1,222172837
2022;03-04-05;32;1,200409051;1,209321093
2022;04-05-06;32;1,195022223;1,200409051
2022;05-06-07;32;1,19820059;1,195022223
2022;06-07-08;32;1,199236214;1,19820059
2022;07-08-09;32;1,202023198;1,199236214
2022;08-09-10;32;1,197103505;1,202023198
2022;09-10-11;32;1,193674459;1,197103505
2022;10-11-12;32;1,188376499;1,193674459
2022;11-12-01;32;1,18184081;1,188376499
2022;12-01-02;32;1,172115469;1,18184081
2023;01-02-03;32;1,161737554;1,172115469
2023;02-03-04;32;1,153787617;1,161737554
2023;03-04-05;32;1,149365072;1,153787617
2023;04-05-06;32;1,147900295;1,149365072
2023;05-06-07;32;1,147465362;1,147900295
2023;06-07-08;32;1,145869514;1,147465362
2023;07-08-09;32;1,142907512;1,145869514
2023;08-09-10;32;1,139453862;1,142907512
2023;09-10-11;32;1,135679765;1,139453862
2023;10-11-12;32;1,13133741;1,135679765
2023;11-12-01;32;1,126272927;1,13133741
2023;12-01-02;32;1,120118257;1,126272927
2024;01-02-03;32;1,115947101;1,120118257
2024;02-03-04;32;1,111570722;1,115947101
2024;03-04-05;32;1,10788981;1,111570722
2024;04-05-06;32;1,104224444;1,10788981
2024;05-06-07;32;1,101250373;1,104224444
2024;06-07-08;32;1,099623211;1,101250373
2024;07-08-09;32;1,096411413;1,099623211
2024;08-09-10;32;1,092281855;1,096411413
2024;09-10-11;32;1,088093563;1,092281855
2024;10-11-12;32;1,083821287;1,088093563
2024;11-12-01;32;1,080107734;1,083821287
2024;12-01-02;32;1,07159848;1,080107734
2025;01-02-03;32;1,063128939;1,07159848
2025;02-03-04;32;1,054821222;1,063128939
2025;03-04-05;32;1,051107491;1,054821222
2025;04-05-06;32;1,048364311;1,051107491
2025;05-06-07;32;1,046445331;1,048364311
2025;06-07-08;32;1,044401193;1,046445331
2025;07-08-09;32;1,040591764;1,044401193
2025;08-09-10;32;1,036073962;1,040591764
2025;09-10-11;32;1,032085075;1,036073962
2025;10-11-12;32;1,029993837;1,032085075
2025;11-12-01;32;1,027527465;1,029993837
2025;12-01-02;32;1,022813876;1,027527465
2026;01-02-03;32;1,016397061;1,022813876
2026;02-03-04;32;1,009556543;1,016397061
2026;03-04-05;32;1,00420119;1,009556543
2026;04-05-06;32;1;1,00420119
2012;01-02-03;33;2,22162852;2,236463991
2012;02-03-04;33;2,209031255;2,22162852
2012;03-04-05;33;2,202909626;2,209031255
2012;04-05-06;33;2,194803294;2,202909626
2012;05-06-07;33;2,188665099;2,194803294
2012;06-07-08;33;2,179747529;2,188665099
2012;07-08-09;33;2,167183378;2,179747529
2012;08-09-10;33;2,155231715;2,167183378
2012;09-10-11;33;2,143067125;2,155231715
2012;10-11-12;33;2,127074873;2,143067125
2012;11-12-01;33;2,10942424;2,127074873
2012;12-01-02;33;2,093693984;2,10942424
2013;01-02-03;33;2,085042403;2,093693984
2013;02-03-04;33;2,07735476;2,085042403
2013;03-04-05;33;2,067083627;2,07735476
2013;04-05-06;33;2,054272985;2,067083627
2013;05-06-07;33;2,046680765;2,054272985
2013;06-07-08;33;2,042096506;2,046680765
2013;07-08-09;33;2,039221181;2,042096506
2013;08-09-10;33;2,031565924;2,039221181
2013;09-10-11;33;2,020139183;2,031565924
2013;10-11-12;33;2,003678834;2,020139183
2013;11-12-01;33;1,987660372;2,003678834
2013;12-01-02;33;1,969675448;1,987660372
2014;01-02-03;33;1,951085813;1,969675448
2014;02-03-04;33;1,933283754;1,951085813
2014;03-04-05;33;1,918945813;1,933283754
2014;04-05-06;33;1,91023041;1,918945813
2014;05-06-07;33;1,904761688;1,91023041
2014;06-07-08;33;1,900122493;1,904761688
2014;07-08-09;33;1,895703641;1,900122493
2014;08-09-10;33;1,887454064;1,895703641
2014;09-10-11;33;1,878602401;1,887454064
2014;10-11-12;33;1,863432053;1,878602401
2014;11-12-01;33;1,841141734;1,863432053
2014;12-01-02;33;1,815194156;1,841141734
2015;01-02-03;33;1,78982354;1,815194156
2015;02-03-04;33;1,770068831;1,78982354
2015;03-04-05;33;1,755422929;1,770068831
2015;04-05-06;33;1,744912492;1,755422929
2015;05-06-07;33;1,736455603;1,744912492
2015;06-07-08;33;1,730202229;1,736455603
2015;07-08-09;33;1,724864108;1,730202229
2015;08-09-10;33;1,718792164;1,724864108
2015;09-10-11;33;1,705624097;1,718792164
2015;10-11-12;33;1,688339574;1,705624097
2015;11-12-01;33;1,664430935;1,688339574
2015;12-01-02;33;1,643952424;1,664430935
2016;01-02-03;33;1,62886629;1,643952424
2016;02-03-04;33;1,620284771;1,62886629
2016;03-04-05;33;1,612181446;1,620284771
2016;04-05-06;33;1,60367922;1,612181446
2016;05-06-07;33;1,595812025;1,60367922
2016;06-07-08;33;1,585843066;1,595812025
2016;07-08-09;33;1,57887854;1,585843066
2016;08-09-10;33;1,573797798;1,57887854
2016;09-10-11;33;1,573707011;1,573797798
2016;10-11-12;33;1,571372953;1,573707011
2016;11-12-01;33;1,567728192;1,571372953
2016;12-01-02;33;1,560781834;1,567728192
2017;01-02-03;33;1,553217568;1,560781834
2017;02-03-04;33;1,545810379;1,553217568
2017;03-04-05;33;1,540806915;1,545810379
2017;04-05-06;33;1,538214085;1,540806915
2017;05-06-07;33;1,537699668;1,538214085
2017;06-07-08;33;1,538181656;1,537699668
2017;07-08-09;33;1,537565096;1,538181656
2017;08-09-10;33;1,536284847;1,537565096
2017;09-10-11;33;1,533796844;1,536284847
2017;10-11-12;33;1,529207201;1,533796844
2017;11-12-01;33;1,522993615;1,529207201
2017;12-01-02;33;1,514499432;1,522993615
2018;01-02-03;33;1,508162168;1,514499432
2018;02-03-04;33;1,502448759;1,508162168
2018;03-04-05;33;1,498928742;1,502448759
2018;04-05-06;33;1,490072879;1,498928742
2018;05-06-07;33;1,47988084;1,490072879
2018;06-07-08;33;1,47305001;1,47988084
2018;07-08-09;33;1,470184868;1,47305001
2018;08-09-10;33;1,469155654;1,470184868
2018;09-10-11;33;1,466343783;1,469155654
2018;10-11-12;33;1,463428154;1,466343783
2018;11-12-01;33;1,459195237;1,463428154
2018;12-01-02;33;1,452583451;1,459195237
2019;01-02-03;33;1,443957726;1,452583451
2019;02-03-04;33;1,435507432;1,443957726
2019;03-04-05;33;1,429648193;1,435507432
2019;04-05-06;33;1,427494485;1,429648193
2019;05-06-07;33;1,426117172;1,427494485
2019;06-07-08;33;1,424789863;1,426117172
2019;07-08-09;33;1,42431609;1,424789863
2019;08-09-10;33;1,423979966;1,42431609
2019;09-10-11;33;1,422511336;1,423979966
2019;10-11-12;33;1,414785045;1,422511336
2019;11-12-01;33;1,408145607;1,414785045
2019;12-01-02;33;1,402445951;1,408145607
2020;01-02-03;33;1,40012165;1,402445951
2020;02-03-04;33;1,397180585;1,40012165
2020;03-04-05;33;1,395468538;1,397180585
2020;04-05-06;33;1,395931875;1,395468538
2020;05-06-07;33;1,396125012;1,395931875
2020;06-07-08;33;1,395637213;1,396125012
2020;07-08-09;33;1,392243719;1,395637213
2020;08-09-10;33;1,387251212;1,392243719
2020;09-10-11;33;1,37851572;1,387251212
2020;10-11-12;33;1,365295696;1,37851572
2020;11-12-01;33;1,354125204;1,365295696
2020;12-01-02;33;1,344436783;1,354125204
2021;01-02-03;33;1,338450123;1,344436783
2021;02-03-04;33;1,330813043;1,338450123
2021;03-04-05;33;1,321084385;1,330813043
2021;04-05-06;33;1,31377868;1,321084385
2021;05-06-07;33;1,306196693;1,31377868
2021;06-07-08;33;1,299562518;1,306196693
2021;07-08-09;33;1,288784051;1,299562518
2021;08-09-10;33;1,275847246;1,288784051
2021;09-10-11;33;1,262130409;1,275847246
2021;10-11-12;33;1,250697316;1,262130409
2021;11-12-01;33;1,241648867;1,250697316
2021;12-01-02;33;1,230848566;1,241648867
2022;01-02-03;33;1,216220937;1,230848566
2022;02-03-04;33;1,198715643;1,216220937
2022;03-04-05;33;1,184513803;1,198715643
2022;04-05-06;33;1,175409922;1,184513803
2022;05-06-07;33;1,173450887;1,175409922
2022;06-07-08;33;1,173614148;1,173450887
2022;07-08-09;33;1,175749611;1,173614148
2022;08-09-10;33;1,174526711;1,175749611
2022;09-10-11;33;1,172010973;1,174526711
2022;10-11-12;33;1,16776921;1,172010973
2022;11-12-01;33;1,163459631;1,16776921
2022;12-01-02;33;1,157986008;1,163459631
2023;01-02-03;33;1,151377392;1,157986008
2023;02-03-04;33;1,143219158;1,151377392
2023;03-04-05;33;1,137293046;1,143219158
2023;04-05-06;33;1,134536287;1,137293046
2023;05-06-07;33;1,134870348;1,134536287
2023;06-07-08;33;1,135650263;1,134870348
2023;07-08-09;33;1,135013567;1,135650263
2023;08-09-10;33;1,133052486;1,135013567
2023;09-10-11;33;1,128808015;1,133052486
2023;10-11-12;33;1,122840086;1,128808015
2023;11-12-01;33;1,116700993;1,122840086
2023;12-01-02;33;1,109428622;1,116700993
2024;01-02-03;33;1,1039526;1,109428622
2024;02-03-04;33;1,099546108;1,1039526
2024;03-04-05;33;1,096748601;1,099546108
2024;04-05-06;33;1,094180942;1,096748601
2024;05-06-07;33;1,091172578;1,094180942
2024;06-07-08;33;1,09004624;1,091172578
2024;07-08-09;33;1,087417454;1,09004624
2024;08-09-10;33;1,083618425;1,087417454
2024;09-10-11;33;1,077799591;1,083618425
2024;10-11-12;33;1,071803719;1,077799591
2024;11-12-01;33;1,067770072;1,071803719
2024;12-01-02;33;1,060527651;1,067770072
2025;01-02-03;33;1,053521082;1,060527651
2025;02-03-04;33;1,04625008;1,053521082
2025;03-04-05;33;1,043129239;1,04625008
2025;04-05-06;33;1,041596639;1,043129239
2025;05-06-07;33;1,039782773;1,041596639
2025;06-07-08;33;1,039869211;1,039782773
2025;07-08-09;33;1,038562829;1,039869211
2025;08-09-10;33;1,038300515;1,038562829
2025;09-10-11;33;1,036438574;1,038300515
2025;10-11-12;33;1,034418992;1,036438574
2025;11-12-01;33;1,031169895;1,034418992
2025;12-01-02;33;1,025833062;1,031169895
2026;01-02-03;33;1,019665048;1,025833062
2026;02-03-04;33;1,012092834;1,019665048
2026;03-04-05;33;1,005266243;1,012092834
2026;04-05-06;33;1;1,005266243
2012;01-02-03;35;2,249494899;2,256478341
2012;02-03-04;35;2,241600442;2,249494899
2012;03-04-05;35;2,234596633;2,241600442
2012;04-05-06;35;2,228118585;2,234596633
2012;05-06-07;35;2,223796245;2,228118585
2012;06-07-08;35;2,218784961;2,223796245
2012;07-08-09;35;2,210338402;2,218784961
2012;08-09-10;35;2,20068551;2,210338402
2012;09-10-11;35;2,189582799;2,20068551
2012;10-11-12;35;2,177468119;2,189582799
2012;11-12-01;35;2,162093454;2,177468119
2012;12-01-02;35;2,145830859;2,162093454
2013;01-02-03;35;2,130717435;2,145830859
2013;02-03-04;35;2,118903352;2,130717435
2013;03-04-05;35;2,110273952;2,118903352
2013;04-05-06;35;2,102979067;2,110273952
2013;05-06-07;35;2,098996073;2,102979067
2013;06-07-08;35;2,094703605;2,098996073
2013;07-08-09;35;2,089972877;2,094703605
2013;08-09-10;35;2,080897072;2,089972877
2013;09-10-11;35;2,070572067;2,080897072
2013;10-11-12;35;2,056302015;2,070572067
2013;11-12-01;35;2,043238931;2,056302015
2013;12-01-02;35;2,026746486;2,043238931
2014;01-02-03;35;2,010445812;2,026746486
2014;02-03-04;35;1,994723775;2,010445812
2014;03-04-05;35;1,98472054;1,994723775
2014;04-05-06;35;1,978417827;1,98472054
2014;05-06-07;35;1,974006814;1,978417827
2014;06-07-08;35;1,96923848;1,974006814
2014;07-08-09;35;1,96264653;1,96923848
2014;08-09-10;35;1,954525734;1,96264653
2014;09-10-11;35;1,944372087;1,954525734
2014;10-11-12;35;1,934402295;1,944372087
2014;11-12-01;35;1,917561649;1,934402295
2014;12-01-02;35;1,896165638;1,917561649
2015;01-02-03;35;1,870810473;1,896165638
2015;02-03-04;35;1,851492757;1,870810473
2015;03-04-05;35;1,835751587;1,851492757
2015;04-05-06;35;1,823246429;1,835751587
2015;05-06-07;35;1,809571706;1,823246429
2015;06-07-08;35;1,798676642;1,809571706
2015;07-08-09;35;1,788282554;1,798676642
2015;08-09-10;35;1,776713795;1,788282554
2015;09-10-11;35;1,761528814;1,776713795
2015;10-11-12;35;1,745737035;1,761528814
2015;11-12-01;35;1,729460863;1,745737035
2015;12-01-02;35;1,713695098;1,729460863
2016;01-02-03;35;1,699612655;1,713695098
2016;02-03-04;35;1,689735143;1,699612655
2016;03-04-05;35;1,679242641;1,689735143
2016;04-05-06;35;1,669761188;1,679242641
2016;05-06-07;35;1,660522568;1,669761188
2016;06-07-08;35;1,653413824;1,660522568
2016;07-08-09;35;1,648255618;1,653413824
2016;08-09-10;35;1,643659322;1,648255618
2016;09-10-11;35;1,640665829;1,643659322
2016;10-11-12;35;1,636104511;1,640665829
2016;11-12-01;35;1,63159541;1,636104511
2016;12-01-02;35;1,627019387;1,63159541
2017;01-02-03;35;1,622630216;1,627019387
2017;02-03-04;35;1,618634662;1,622630216
2017;03-04-05;35;1,614184913;1,618634662
2017;04-05-06;35;1,61307403;1,614184913
2017;05-06-07;35;1,610741592;1,61307403
2017;06-07-08;35;1,608767794;1,610741592
2017;07-08-09;35;1,604163043;1,608767794
2017;08-09-10;35;1,598955511;1,604163043
2017;09-10-11;35;1,592218975;1,598955511
2017;10-11-12;35;1,583266755;1,592218975
2017;11-12-01;35;1,575901744;1,583266755
2017;12-01-02;35;1,570073183;1,575901744
2018;01-02-03;35;1,566321138;1,570073183
2018;02-03-04;35;1,563135917;1,566321138
2018;03-04-05;35;1,560469864;1,563135917
2018;04-05-06;35;1,553177423;1,560469864
2018;05-06-07;35;1,543225132;1,553177423
2018;06-07-08;35;1,53376435;1,543225132
2018;07-08-09;35;1,526852094;1,53376435
2018;08-09-10;35;1,521068842;1,526852094
2018;09-10-11;35;1,517453222;1,521068842
2018;10-11-12;35;1,516759576;1,517453222
2018;11-12-01;35;1,516235279;1,516759576
2018;12-01-02;35;1,511947427;1,516235279
2019;01-02-03;35;1,503916747;1,511947427
2019;02-03-04;35;1,495379494;1,503916747
2019;03-04-05;35;1,488464623;1,495379494
2019;04-05-06;35;1,485597971;1,488464623
2019;05-06-07;35;1,483751476;1,485597971
2019;06-07-08;35;1,48089685;1,483751476
2019;07-08-09;35;1,478197514;1,48089685
2019;08-09-10;35;1,476162586;1,478197514
2019;09-10-11;35;1,472328815;1,476162586
2019;10-11-12;35;1,463635138;1,472328815
2019;11-12-01;35;1,454127025;1,463635138
2019;12-01-02;35;1,446932338;1,454127025
2020;01-02-03;35;1,443771314;1,446932338
2020;02-03-04;35;1,443969437;1,443771314
2020;03-04-05;35;1,446640127;1,443969437
2020;04-05-06;35;1,448363906;1,446640127
2020;05-06-07;35;1,44712951;1,448363906
2020;06-07-08;35;1,443043126;1,44712951
2020;07-08-09;35;1,438246964;1,443043126
2020;08-09-10;35;1,430387429;1,438246964
2020;09-10-11;35;1,419126035;1,430387429
2020;10-11-12;35;1,404953966;1,419126035
2020;11-12-01;35;1,393977842;1,404953966
2020;12-01-02;35;1,384013751;1,393977842
2021;01-02-03;35;1,37567089;1,384013751
2021;02-03-04;35;1,367848011;1,37567089
2021;03-04-05;35;1,360292808;1,367848011
2021;04-05-06;35;1,353751563;1,360292808
2021;05-06-07;35;1,343480952;1,353751563
2021;06-07-08;35;1,332123051;1,343480952
2021;07-08-09;35;1,318787337;1,332123051
2021;08-09-10;35;1,304038536;1,318787337
2021;09-10-11;35;1,290248796;1,304038536
2021;10-11-12;35;1,277924118;1,290248796
2021;11-12-01;35;1,268677534;1,277924118
2021;12-01-02;35;1,258675145;1,268677534
2022;01-02-03;35;1,245612317;1,258675145
2022;02-03-04;35;1,230975753;1,245612317
2022;03-04-05;35;1,219382226;1,230975753
2022;04-05-06;35;1,211249418;1,219382226
2022;05-06-07;35;1,207685296;1,211249418
2022;06-07-08;35;1,205594188;1,207685296
2022;07-08-09;35;1,207209608;1,205594188
2022;08-09-10;35;1,205893978;1,207209608
2022;09-10-11;35;1,202941486;1,205893978
2022;10-11-12;35;1,196256684;1,202941486
2022;11-12-01;35;1,189503949;1,196256684
2022;12-01-02;35;1,180728672;1,189503949
2023;01-02-03;35;1,172195317;1,180728672
2023;02-03-04;35;1,163788994;1,172195317
2023;03-04-05;35;1,158063692;1,163788994
2023;04-05-06;35;1,154615512;1,158063692
2023;05-06-07;35;1,15379762;1,154615512
2023;06-07-08;35;1,153032286;1,15379762
2023;07-08-09;35;1,150774936;1,153032286
2023;08-09-10;35;1,147586047;1,150774936
2023;09-10-11;35;1,143659282;1,147586047
2023;10-11-12;35;1,13914172;1,143659282
2023;11-12-01;35;1,13457353;1,13914172
2023;12-01-02;35;1,128101844;1,13457353
2024;01-02-03;35;1,123168032;1,128101844
2024;02-03-04;35;1,117887529;1,123168032
2024;03-04-05;35;1,114689992;1,117887529
2024;04-05-06;35;1,110973638;1,114689992
2024;05-06-07;35;1,106619752;1,110973638
2024;06-07-08;35;1,103276069;1,106619752
2024;07-08-09;35;1,099672556;1,103276069
2024;08-09-10;35;1,095528203;1,099672556
2024;09-10-11;35;1,090306022;1,095528203
2024;10-11-12;35;1,084535216;1,090306022
2024;11-12-01;35;1,080682563;1,084535216
2024;12-01-02;35;1,07405381;1,080682563
2025;01-02-03;35;1,066791883;1,07405381
2025;02-03-04;35;1,05830003;1,066791883
2025;03-04-05;35;1,053563189;1,05830003
2025;04-05-06;35;1,05032325;1,053563189
2025;05-06-07;35;1,047309071;1,05032325
2025;06-07-08;35;1,044395008;1,047309071
2025;07-08-09;35;1,040503744;1,044395008
2025;08-09-10;35;1,038060144;1,040503744
2025;09-10-11;35;1,034998907;1,038060144
2025;10-11-12;35;1,032964705;1,034998907
2025;11-12-01;35;1,03010033;1,032964705
2025;12-01-02;35;1,024884249;1,03010033
2026;01-02-03;35;1,017992717;1,024884249
2026;02-03-04;35;1,010268664;1,017992717
2026;03-04-05;35;1,003780632;1,010268664
2026;04-05-06;35;1;1,003780632
2012;01-02-03;41;2,210447892;2,216372316
2012;02-03-04;41;2,201816853;2,210447892
2012;03-04-05;41;2,191934065;2,201816853
2012;04-05-06;41;2,182986714;2,191934065
2012;05-06-07;41;2,176687876;2,182986714
2012;06-07-08;41;2,169464564;2,176687876
2012;07-08-09;41;2,160634323;2,169464564
2012;08-09-10;41;2,151617718;2,160634323
2012;09-10-11;41;2,138569171;2,151617718
2012;10-11-12;41;2,122139912;2,138569171
2012;11-12-01;41;2,103922686;2,122139912
2012;12-01-02;41;2,090527687;2,103922686
2013;01-02-03;41;2,080265151;2,090527687
2013;02-03-04;41;2,070354041;2,080265151
2013;03-04-05;41;2,061630769;2,070354041
2013;04-05-06;41;2,055348059;2,061630769
2013;05-06-07;41;2,050100703;2,055348059
2013;06-07-08;41;2,04406193;2,050100703
2013;07-08-09;41;2,036382411;2,04406193
2013;08-09-10;41;2,027660266;2,036382411
2013;09-10-11;41;2,018474699;2,027660266
2013;10-11-12;41;2,005138045;2,018474699
2013;11-12-01;41;1,99097249;2,005138045
2013;12-01-02;41;1,97774622;1,99097249
2014;01-02-03;41;1,963714208;1,97774622
2014;02-03-04;41;1,949077524;1,963714208
2014;03-04-05;41;1,934021503;1,949077524
2014;04-05-06;41;1,923060419;1,934021503
2014;05-06-07;41;1,914556709;1,923060419
2014;06-07-08;41;1,908545462;1,914556709
2014;07-08-09;41;1,901816147;1,908545462
2014;08-09-10;41;1,896512096;1,901816147
2014;09-10-11;41;1,88898909;1,896512096
2014;10-11-12;41;1,879279893;1,88898909
2014;11-12-01;41;1,865446812;1,879279893
2014;12-01-02;41;1,845909372;1,865446812
2015;01-02-03;41;1,821462294;1,845909372
2015;02-03-04;41;1,794343211;1,821462294
2015;03-04-05;41;1,771341001;1,794343211
2015;04-05-06;41;1,753050093;1,771341001
2015;05-06-07;41;1,738198284;1,753050093
2015;06-07-08;41;1,725163054;1,738198284
2015;07-08-09;41;1,714346853;1,725163054
2015;08-09-10;41;1,704982654;1,714346853
2015;09-10-11;41;1,692214743;1,704982654
2015;10-11-12;41;1,676185862;1,692214743
2015;11-12-01;41;1,659886991;1,676185862
2015;12-01-02;41;1,645129388;1,659886991
2016;01-02-03;41;1,633600929;1,645129388
2016;02-03-04;41;1,622046023;1,633600929
2016;03-04-05;41;1,611584975;1,622046023
2016;04-05-06;41;1,60373311;1,611584975
2016;05-06-07;41;1,599315034;1,60373311
2016;06-07-08;41;1,596975814;1,599315034
2016;07-08-09;41;1,594399326;1,596975814
2016;08-09-10;41;1,592507731;1,594399326
2016;09-10-11;41;1,591063087;1,592507731
2016;10-11-12;41;1,589600162;1,591063087
2016;11-12-01;41;1,586360542;1,589600162
2016;12-01-02;41;1,581655309;1,586360542
2017;01-02-03;41;1,576321504;1,581655309
2017;02-03-04;41;1,572897308;1,576321504
2017;03-04-05;41;1,569515761;1,572897308
2017;04-05-06;41;1,568240804;1,569515761
2017;05-06-07;41;1,564135845;1,568240804
2017;06-07-08;41;1,560454116;1,564135845
2017;07-08-09;41;1,555366776;1,560454116
2017;08-09-10;41;1,549162355;1,555366776
2017;09-10-11;41;1,54557626;1,549162355
2017;10-11-12;41;1,539795233;1,54557626
2017;11-12-01;41;1,536313136;1,539795233
2017;12-01-02;41;1,531569648;1,536313136
2018;01-02-03;41;1,529235495;1,531569648
2018;02-03-04;41;1,527840913;1,529235495
2018;03-04-05;41;1,524700701;1,527840913
2018;04-05-06;41;1,514162989;1,524700701
2018;05-06-07;41;1,502764739;1,514162989
2018;06-07-08;41;1,494662015;1,502764739
2018;07-08-09;41;1,491443201;1,494662015
2018;08-09-10;41;1,486704998;1,491443201
2018;09-10-11;41;1,482307627;1,486704998
2018;10-11-12;41;1,481552358;1,482307627
2018;11-12-01;41;1,483557254;1,481552358
2018;12-01-02;41;1,483385348;1,483557254
2019;01-02-03;41;1,478239928;1,483385348
2019;02-03-04;41;1,470427866;1,478239928
2019;03-04-05;41;1,463702942;1,470427866
2019;04-05-06;41;1,460030869;1,463702942
2019;05-06-07;41;1,458935632;1,460030869
2019;06-07-08;41;1,456823728;1,458935632
2019;07-08-09;41;1,455412836;1,456823728
2019;08-09-10;41;1,454781199;1,455412836
2019;09-10-11;41;1,452107905;1,454781199
2019;10-11-12;41;1,443251032;1,452107905
2019;11-12-01;41;1,433705236;1,443251032
2019;12-01-02;41;1,42674179;1,433705236
2020;01-02-03;41;1,425506696;1,42674179
2020;02-03-04;41;1,430056104;1,425506696
2020;03-04-05;41;1,437703927;1,430056104
2020;04-05-06;41;1,442240774;1,437703927
2020;05-06-07;41;1,439264168;1,442240774
2020;06-07-08;41;1,432656531;1,439264168
2020;07-08-09;41;1,426485904;1,432656531
2020;08-09-10;41;1,417347165;1,426485904
2020;09-10-11;41;1,405151187;1,417347165
2020;10-11-12;41;1,389968109;1,405151187
2020;11-12-01;41;1,37765081;1,389968109
2020;12-01-02;41;1,365220004;1,37765081
2021;01-02-03;41;1,353081763;1,365220004
2021;02-03-04;41;1,341012017;1,353081763
2021;03-04-05;41;1,329003001;1,341012017
2021;04-05-06;41;1,320227708;1,329003001
2021;05-06-07;41;1,306569896;1,320227708
2021;06-07-08;41;1,291875387;1,306569896
2021;07-08-09;41;1,273426112;1,291875387
2021;08-09-10;41;1,255838302;1,273426112
2021;09-10-11;41;1,239085898;1,255838302
2021;10-11-12;41;1,22674679;1,239085898
2021;11-12-01;41;1,218446144;1,22674679
2021;12-01-02;41;1,209318774;1,218446144
2022;01-02-03;41;1,192758942;1,209318774
2022;02-03-04;41;1,175042331;1,192758942
2022;03-04-05;41;1,161116911;1,175042331
2022;04-05-06;41;1,153877223;1,161116911
2022;05-06-07;41;1,155392386;1,153877223
2022;06-07-08;41;1,160128449;1,155392386
2022;07-08-09;41;1,168088925;1,160128449
2022;08-09-10;41;1,169741527;1,168088925
2022;09-10-11;41;1,168699435;1,169741527
2022;10-11-12;41;1,164094338;1,168699435
2022;11-12-01;41;1,160472713;1,164094338
2022;12-01-02;41;1,153592126;1,160472713
2023;01-02-03;41;1,145686999;1,153592126
2023;02-03-04;41;1,13553104;1,145686999
2023;03-04-05;41;1,128581744;1,13553104
2023;04-05-06;41;1,12537423;1,128581744
2023;05-06-07;41;1,123274372;1,12537423
2023;06-07-08;41;1,121049247;1,123274372
2023;07-08-09;41;1,11812375;1,121049247
2023;08-09-10;41;1,115586672;1,11812375
2023;09-10-11;41;1,114252926;1,115586672
2023;10-11-12;41;1,112783676;1,114252926
2023;11-12-01;41;1,110524739;1,112783676
2023;12-01-02;41;1,105032541;1,110524739
2024;01-02-03;41;1,100419477;1,105032541
2024;02-03-04;41;1,095907921;1,100419477
2024;03-04-05;41;1,092677672;1,095907921
2024;04-05-06;41;1,088658319;1,092677672
2024;05-06-07;41;1,084907184;1,088658319
2024;06-07-08;41;1,08423229;1,084907184
2024;07-08-09;41;1,081682608;1,08423229
2024;08-09-10;41;1,078684628;1,081682608
2024;09-10-11;41;1,073023349;1,078684628
2024;10-11-12;41;1,068503578;1,073023349
2024;11-12-01;41;1,065807579;1,068503578
2024;12-01-02;41;1,05901093;1,065807579
2025;01-02-03;41;1,05120443;1,05901093
2025;02-03-04;41;1,041929794;1,05120443
2025;03-04-05;41;1,03701152;1,041929794
2025;04-05-06;41;1,034232692;1,03701152
2025;05-06-07;41;1,03159319;1,034232692
2025;06-07-08;41;1,030210226;1,03159319
2025;07-08-09;41;1,02803337;1,030210226
2025;08-09-10;41;1,027044282;1,02803337
2025;09-10-11;41;1,025288306;1,027044282
2025;10-11-12;41;1,024886911;1,025288306
2025;11-12-01;41;1,023018954;1,024886911
2025;12-01-02;41;1,02059027;1,023018954
2026;01-02-03;41;1,015741033;1,02059027
2026;02-03-04;41;1,010084126;1,015741033
2026;03-04-05;41;1,004566457;1,010084126
2026;04-05-06;41;1;1,004566457
2012;01-02-03;42;2,204798777;2,211360073
2012;02-03-04;42;2,19514362;2,204798777
2012;03-04-05;42;2,184952296;2,19514362
2012;04-05-06;42;2,175917896;2,184952296
2012;05-06-07;42;2,168847154;2,175917896
2012;06-07-08;42;2,161150822;2,168847154
2012;07-08-09;42;2,150768019;2,161150822
2012;08-09-10;42;2,140694539;2,150768019
2012;09-10-11;42;2,128957587;2,140694539
2012;10-11-12;42;2,115478342;2,128957587
2012;11-12-01;42;2,099799877;2,115478342
2012;12-01-02;42;2,086728872;2,099799877
2013;01-02-03;42;2,075753477;2,086728872
2013;02-03-04;42;2,066942088;2,075753477
2013;03-04-05;42;2,058179812;2,066942088
2013;04-05-06;42;2,051631649;2,058179812
2013;05-06-07;42;2,046347086;2,051631649
2013;06-07-08;42;2,041038663;2,046347086
2013;07-08-09;42;2,033343184;2,041038663
2013;08-09-10;42;2,023626825;2,033343184
2013;09-10-11;42;2,013012455;2,023626825
2013;10-11-12;42;2,00029585;2,013012455
2013;11-12-01;42;1,987270236;2,00029585
2013;12-01-02;42;1,975216587;1,987270236
2014;01-02-03;42;1,96192671;1,975216587
2014;02-03-04;42;1,94656681;1,96192671
2014;03-04-05;42;1,930141687;1,94656681
2014;04-05-06;42;1,917899301;1,930141687
2014;05-06-07;42;1,910253938;1,917899301
2014;06-07-08;42;1,905794602;1,910253938
2014;07-08-09;42;1,900582257;1,905794602
2014;08-09-10;42;1,89377315;1,900582257
2014;09-10-11;42;1,885142147;1,89377315
2014;10-11-12;42;1,87421702;1,885142147
2014;11-12-01;42;1,85991263;1,87421702
2014;12-01-02;42;1,840590606;1,85991263
2015;01-02-03;42;1,815856815;1,840590606
2015;02-03-04;42;1,791865106;1,815856815
2015;03-04-05;42;1,770476765;1,791865106
2015;04-05-06;42;1,754615711;1,770476765
2015;05-06-07;42;1,739852046;1,754615711
2015;06-07-08;42;1,728073166;1,739852046
2015;07-08-09;42;1,717952056;1,728073166
2015;08-09-10;42;1,708803464;1,717952056
2015;09-10-11;42;1,695833247;1,708803464
2015;10-11-12;42;1,68059666;1,695833247
2015;11-12-01;42;1,662887089;1,68059666
2015;12-01-02;42;1,64622562;1,662887089
2016;01-02-03;42;1,631688306;1,64622562
2016;02-03-04;42;1,61892378;1,631688306
2016;03-04-05;42;1,606880093;1,61892378
2016;04-05-06;42;1,598045605;1,606880093
2016;05-06-07;42;1,591894262;1,598045605
2016;06-07-08;42;1,588247044;1,591894262
2016;07-08-09;42;1,5839282;1,588247044
2016;08-09-10;42;1,580811206;1,5839282
2016;09-10-11;42;1,577910666;1,580811206
2016;10-11-12;42;1,575637641;1,577910666
2016;11-12-01;42;1,572712736;1,575637641
2016;12-01-02;42;1,569426036;1,572712736
2017;01-02-03;42;1,56507819;1,569426036
2017;02-03-04;42;1,561554951;1,56507819
2017;03-04-05;42;1,557428414;1,561554951
2017;04-05-06;42;1,555728431;1,557428414
2017;05-06-07;42;1,553582249;1,555728431
2017;06-07-08;42;1,552022686;1,553582249
2017;07-08-09;42;1,548845733;1,552022686
2017;08-09-10;42;1,543960756;1,548845733
2017;09-10-11;42;1,539746082;1,543960756
2017;10-11-12;42;1,533936719;1,539746082
2017;11-12-01;42;1,528285829;1,533936719
2017;12-01-02;42;1,523289982;1,528285829
2018;01-02-03;42;1,519892205;1,523289982
2018;02-03-04;42;1,51766653;1,519892205
2018;03-04-05;42;1,512859697;1,51766653
2018;04-05-06;42;1,501109847;1,512859697
2018;05-06-07;42;1,489954246;1,501109847
2018;06-07-08;42;1,482578341;1,489954246
2018;07-08-09;42;1,479699918;1,482578341
2018;08-09-10;42;1,474387056;1,479699918
2018;09-10-11;42;1,470090171;1,474387056
2018;10-11-12;42;1,468314111;1,470090171
2018;11-12-01;42;1,469470678;1,468314111
2018;12-01-02;42;1,468133603;1,469470678
2019;01-02-03;42;1,462114487;1,468133603
2019;02-03-04;42;1,45295728;1,462114487
2019;03-04-05;42;1,444462476;1,45295728
2019;04-05-06;42;1,441366686;1,444462476
2019;05-06-07;42;1,440230191;1,441366686
2019;06-07-08;42;1,439009989;1,440230191
2019;07-08-09;42;1,43720533;1,439009989
2019;08-09-10;42;1,437131134;1,43720533
2019;09-10-11;42;1,434823187;1,437131134
2019;10-11-12;42;1,426642431;1,434823187
2019;11-12-01;42;1,417712049;1,426642431
2019;12-01-02;42;1,410799715;1,417712049
2020;01-02-03;42;1,410182892;1,410799715
2020;02-03-04;42;1,412866612;1,410182892
2020;03-04-05;42;1,418474016;1,412866612
2020;04-05-06;42;1,421839787;1,418474016
2020;05-06-07;42;1,420612358;1,421839787
2020;06-07-08;42;1,415773772;1,420612358
2020;07-08-09;42;1,40947709;1,415773772
2020;08-09-10;42;1,401160733;1,40947709
2020;09-10-11;42;1,390288209;1,401160733
2020;10-11-12;42;1,375251831;1,390288209
2020;11-12-01;42;1,362601358;1,375251831
2020;12-01-02;42;1,349837414;1,362601358
2021;01-02-03;42;1,339297685;1,349837414
2021;02-03-04;42;1,328985496;1,339297685
2021;03-04-05;42;1,318293775;1,328985496
2021;04-05-06;42;1,309524812;1,318293775
2021;05-06-07;42;1,296135878;1,309524812
2021;06-07-08;42;1,283050574;1,296135878
2021;07-08-09;42;1,266619199;1,283050574
2021;08-09-10;42;1,250866976;1,266619199
2021;09-10-11;42;1,235090585;1,250866976
2021;10-11-12;42;1,222963164;1,235090585
2021;11-12-01;42;1,216334761;1,222963164
2021;12-01-02;42;1,210426001;1,216334761
2022;01-02-03;42;1,199290816;1,210426001
2022;02-03-04;42;1,184198051;1,199290816
2022;03-04-05;42;1,170960347;1,184198051
2022;04-05-06;42;1,162832563;1,170960347
2022;05-06-07;42;1,162420137;1,162832563
2022;06-07-08;42;1,166324657;1,162420137
2022;07-08-09;42;1,174147803;1,166324657
2022;08-09-10;42;1,176194799;1,174147803
2022;09-10-11;42;1,174236202;1,176194799
2022;10-11-12;42;1,168499257;1,174236202
2022;11-12-01;42;1,164334716;1,168499257
2022;12-01-02;42;1,157932296;1,164334716
2023;01-02-03;42;1,149671833;1,157932296
2023;02-03-04;42;1,139847739;1,149671833
2023;03-04-05;42;1,132935258;1,139847739
2023;04-05-06;42;1,130299301;1,132935258
2023;05-06-07;42;1,128125435;1,130299301
2023;06-07-08;42;1,125593075;1,128125435
2023;07-08-09;42;1,122344388;1,125593075
2023;08-09-10;42;1,120232135;1,122344388
2023;09-10-11;42;1,118498041;1,120232135
2023;10-11-12;42;1,116227043;1,118498041
2023;11-12-01;42;1,113420334;1,116227043
2023;12-01-02;42;1,108706618;1,113420334
2024;01-02-03;42;1,105491209;1,108706618
2024;02-03-04;42;1,101337996;1,105491209
2024;03-04-05;42;1,097155714;1,101337996
2024;04-05-06;42;1,092621129;1,097155714
2024;05-06-07;42;1,088751257;1,092621129
2024;06-07-08;42;1,087660614;1,088751257
2024;07-08-09;42;1,084679932;1,087660614
2024;08-09-10;42;1,081877786;1,084679932
2024;09-10-11;42;1,078070621;1,081877786
2024;10-11-12;42;1,074602583;1,078070621
2024;11-12-01;42;1,072359982;1,074602583
2024;12-01-02;42;1,065808493;1,072359982
2025;01-02-03;42;1,058321573;1,065808493
2025;02-03-04;42;1,048405248;1,058321573
2025;03-04-05;42;1,042751771;1,048405248
2025;04-05-06;42;1,039418081;1,042751771
2025;05-06-07;42;1,037109018;1,039418081
2025;06-07-08;42;1,036334529;1,037109018
2025;07-08-09;42;1,034368113;1,036334529
2025;08-09-10;42;1,03312026;1,034368113
2025;09-10-11;42;1,030629388;1,03312026
2025;10-11-12;42;1,028562488;1,030629388
2025;11-12-01;42;1,025964989;1,028562488
2025;12-01-02;42;1,022677609;1,025964989
2026;01-02-03;42;1,017644274;1,022677609
2026;02-03-04;42;1,011466144;1,017644274
2026;03-04-05;42;1,004976358;1,011466144
2026;04-05-06;42;1;1,004976358
2012;01-02-03;43;2,198655917;2,205801722
2012;02-03-04;43;2,188061531;2,198655917
2012;03-04-05;43;2,17759044;2,188061531
2012;04-05-06;43;2,168479769;2,17759044
2012;05-06-07;43;2,160701541;2,168479769
2012;06-07-08;43;2,152574424;2,160701541
2012;07-08-09;43;2,140770788;2,152574424
2012;08-09-10;43;2,129732172;2,140770788
2012;09-10-11;43;2,119211782;2,129732172
2012;10-11-12;43;2,108460105;2,119211782
2012;11-12-01;43;2,095147071;2,108460105
2012;12-01-02;43;2,082381924;2,095147071
2013;01-02-03;43;2,070753934;2,082381924
2013;02-03-04;43;2,062963231;2,070753934
2013;03-04-05;43;2,054170889;2,062963231
2013;04-05-06;43;2,047382452;2,054170889
2013;05-06-07;43;2,042069178;2,047382452
2013;06-07-08;43;2,037440121;2,042069178
2013;07-08-09;43;2,029737671;2,037440121
2013;08-09-10;43;2,019109436;2,029737671
2013;09-10-11;43;2,007184783;2,019109436
2013;10-11-12;43;1,995045836;2,007184783
2013;11-12-01;43;1,983078198;1,995045836
2013;12-01-02;43;1,972115573;1,983078198
2014;01-02-03;43;1,95951882;1,972115573
2014;02-03-04;43;1,943496349;1,95951882
2014;03-04-05;43;1,925812808;1,943496349
2014;04-05-06;43;1,912395772;1,925812808
2014;05-06-07;43;1,905547895;1,912395772
2014;06-07-08;43;1,902527849;1,905547895
2014;07-08-09;43;1,898725956;1,902527849
2014;08-09-10;43;1,890528601;1,898725956
2014;09-10-11;43;1,880880449;1,890528601
2014;10-11-12;43;1,868842571;1,880880449
2014;11-12-01;43;1,854109497;1,868842571
2014;12-01-02;43;1,834995031;1,854109497
2015;01-02-03;43;1,810008378;1,834995031
2015;02-03-04;43;1,78891834;1,810008378
2015;03-04-05;43;1,769042806;1,78891834
2015;04-05-06;43;1,755457207;1,769042806
2015;05-06-07;43;1,740781493;1,755457207
2015;06-07-08;43;1,730175214;1,740781493
2015;07-08-09;43;1,720705201;1,730175214
2015;08-09-10;43;1,711761334;1,720705201
2015;09-10-11;43;1,6986075;1,711761334
2015;10-11-12;43;1,684114622;1,6986075
2015;11-12-01;43;1,665104839;1,684114622
2015;12-01-02;43;1,646687943;1,665104839
2016;01-02-03;43;1,629383489;1,646687943
2016;02-03-04;43;1,615505765;1,629383489
2016;03-04-05;43;1,60200643;1,615505765
2016;04-05-06;43;1,592272202;1,60200643
2016;05-06-07;43;1,584531612;1,592272202
2016;06-07-08;43;1,579686977;1,584531612
2016;07-08-09;43;1,573778214;1,579686977
2016;08-09-10;43;1,569542083;1,573778214
2016;09-10-11;43;1,565313959;1,569542083
2016;10-11-12;43;1,562306128;1,565313959
2016;11-12-01;43;1,559670106;1,562306128
2016;12-01-02;43;1,557680165;1,559670106
2017;01-02-03;43;1,554235924;1,557680165
2017;02-03-04;43;1,550624579;1,554235924
2017;03-04-05;43;1,545819495;1,550624579
2017;04-05-06;43;1,543733736;1,545819495
2017;05-06-07;43;1,543379676;1,543733736
2017;06-07-08;43;1,543770902;1,543379676
2017;07-08-09;43;1,542357643;1,543770902
2017;08-09-10;43;1,53868906;1,542357643
2017;09-10-11;43;1,533903437;1,53868906
2017;10-11-12;43;1,528078717;1,533903437
2017;11-12-01;43;1,520447335;1,528078717
2017;12-01-02;43;1,515224355;1,520447335
2018;01-02-03;43;1,510855853;1,515224355
2018;02-03-04;43;1,507870206;1,510855853
2018;03-04-05;43;1,501542079;1,507870206
2018;04-05-06;43;1,488694453;1,501542079
2018;05-06-07;43;1,477765605;1,488694453
2018;06-07-08;43;1,471056667;1,477765605
2018;07-08-09;43;1,468490893;1,471056667
2018;08-09-10;43;1,462655532;1,468490893
2018;09-10-11;43;1,458452271;1,462655532
2018;10-11-12;43;1,455747818;1,458452271
2018;11-12-01;43;1,456133397;1,455747818
2018;12-01-02;43;1,453740967;1,456133397
2019;01-02-03;43;1,446931098;1,453740967
2019;02-03-04;43;1,436558376;1,446931098
2019;03-04-05;43;1,426468885;1,436558376
2019;04-05-06;43;1,423899282;1,426468885
2019;05-06-07;43;1,422733163;1,423899282
2019;06-07-08;43;1,422328988;1,422733163
2019;07-08-09;43;1,420172767;1,422328988
2019;08-09-10;43;1,420604603;1,420172767
2019;09-10-11;43;1,418628865;1,420604603
2019;10-11-12;43;1,411064174;1,418628865
2019;11-12-01;43;1,402696418;1,411064174
2019;12-01-02;43;1,395833556;1,402696418
2020;01-02-03;43;1,395779585;1,395833556
2020;02-03-04;43;1,396780803;1,395779585
2020;03-04-05;43;1,40055328;1,396780803
2020;04-05-06;43;1,402888509;1,40055328
2020;05-06-07;43;1,403248025;1,402888509
2020;06-07-08;43;1,400024742;1,403248025
2020;07-08-09;43;1,393616052;1,400024742
2020;08-09-10;43;1,386048536;1,393616052
2020;09-10-11;43;1,376382105;1,386048536
2020;10-11-12;43;1,361487401;1,376382105
2020;11-12-01;43;1,34854095;1,361487401
2020;12-01-02;43;1,33548187;1,34854095
2021;01-02-03;43;1,326397916;1,33548187
2021;02-03-04;43;1,317689421;1,326397916
2021;03-04-05;43;1,308205976;1,317689421
2021;04-05-06;43;1,299446036;1,308205976
2021;05-06-07;43;1,286307342;1,299446036
2021;06-07-08;43;1,274696932;1,286307342
2021;07-08-09;43;1,260123858;1,274696932
2021;08-09-10;43;1,246065667;1,260123858
2021;09-10-11;43;1,231191597;1,246065667
2021;10-11-12;43;1,219263728;1,231191597
2021;11-12-01;43;1,214186039;1,219263728
2021;12-01-02;43;1,211266359;1,214186039
2022;01-02-03;43;1,205220084;1,211266359
2022;02-03-04;43;1,19261711;1,205220084
2022;03-04-05;43;1,180038006;1,19261711
2022;04-05-06;43;1,171076508;1,180038006
2022;05-06-07;43;1,168854875;1,171076508
2022;06-07-08;43;1,171988956;1,168854875
2022;07-08-09;43;1,179692449;1,171988956
2022;08-09-10;43;1,182115747;1,179692449
2022;09-10-11;43;1,179301873;1,182115747
2022;10-11-12;43;1,172513518;1,179301873
2022;11-12-01;43;1,167843644;1,172513518
2022;12-01-02;43;1,161890068;1,167843644
2023;01-02-03;43;1,153300669;1,161890068
2023;02-03-04;43;1,143789031;1,153300669
2023;03-04-05;43;1,136912168;1,143789031
2023;04-05-06;43;1,134811045;1,136912168
2023;05-06-07;43;1,132568944;1,134811045
2023;06-07-08;43;1,12975021;1,132568944
2023;07-08-09;43;1,12620072;1,12975021
2023;08-09-10;43;1,124485685;1,12620072
2023;09-10-11;43;1,122378562;1,124485685
2023;10-11-12;43;1,119360253;1,122378562
2023;11-12-01;43;1,116046185;1,119360253
2023;12-01-02;43;1,112059388;1,116046185
2024;01-02-03;43;1,110152376;1,112059388
2024;02-03-04;43;1,106337365;1,110152376
2024;03-04-05;43;1,101265445;1,106337365
2024;04-05-06;43;1,096254102;1,101265445
2024;05-06-07;43;1,092276305;1,096254102
2024;06-07-08;43;1,090800414;1,092276305
2024;07-08-09;43;1,087422363;1,090800414
2024;08-09-10;43;1,084806868;1,087422363
2024;09-10-11;43;1,082735143;1,084806868
2024;10-11-12;43;1,080255223;1,082735143
2024;11-12-01;43;1,078439819;1,080255223
2024;12-01-02;43;1,07211923;1,078439819
2025;01-02-03;43;1,064933503;1,07211923
2025;02-03-04;43;1,054417183;1,064933503
2025;03-04-05;43;1,048077915;1,054417183
2025;04-05-06;43;1,044228775;1,048077915
2025;05-06-07;43;1,042229984;1,044228775
2025;06-07-08;43;1,042026542;1,042229984
2025;07-08-09;43;1,0402588;1,042026542
2025;08-09-10;43;1,038769745;1,0402588
2025;09-10-11;43;1,035591718;1,038769745
2025;10-11-12;43;1,031970185;1,035591718
2025;11-12-01;43;1,028696059;1,031970185
2025;12-01-02;43;1,024614055;1,028696059
2026;01-02-03;43;1,01941;1,024614055
2026;02-03-04;43;1,0127476;1,01941
2026;03-04-05;43;1,005355923;1,0127476
2026;04-05-06;43;1;1,005355923
2012;01-02-03;50;2,253447521;2,259988146
2012;02-03-04;50;2,248603852;2,253447521
2012;03-04-05;50;2,241855648;2,248603852
2012;04-05-06;50;2,236211759;2,241855648
2012;05-06-07;50;2,229093498;2,236211759
2012;06-07-08;50;2,221631289;2,229093498
2012;07-08-09;50;2,210678847;2,221631289
2012;08-09-10;50;2,197916011;2,210678847
2012;09-10-11;50;2,184751895;2,197916011
2012;10-11-12;50;2,169055883;2,184751895
2012;11-12-01;50;2,154327675;2,169055883
2012;12-01-02;50;2,138520732;2,154327675
2013;01-02-03;50;2,126226226;2,138520732
2013;02-03-04;50;2,116324929;2,126226226
2013;03-04-05;50;2,106699137;2,116324929
2013;04-05-06;50;2,099553934;2,106699137
2013;05-06-07;50;2,096244328;2,099553934
2013;06-07-08;50;2,093636547;2,096244328
2013;07-08-09;50;2,088434155;2,093636547
2013;08-09-10;50;2,077042042;2,088434155
2013;09-10-11;50;2,064960667;2,077042042
2013;10-11-12;50;2,050424067;2,064960667
2013;11-12-01;50;2,038060918;2,050424067
2013;12-01-02;50;2,025010167;2,038060918
2014;01-02-03;50;2,011611201;2,025010167
2014;02-03-04;50;1,995496995;2,011611201
2014;03-04-05;50;1,98174564;1,995496995
2014;04-05-06;50;1,971184413;1,98174564
2014;05-06-07;50;1,967794684;1,971184413
2014;06-07-08;50;1,966977291;1,967794684
2014;07-08-09;50;1,963391401;1,966977291
2014;08-09-10;50;1,953025144;1,963391401
2014;09-10-11;50;1,93873651;1,953025144
2014;10-11-12;50;1,92319444;1,93873651
2014;11-12-01;50;1,90423807;1,92319444
2014;12-01-02;50;1,88445985;1,90423807
2015;01-02-03;50;1,860470688;1,88445985
2015;02-03-04;50;1,840892038;1,860470688
2015;03-04-05;50;1,820656961;1,840892038
2015;04-05-06;50;1,809782639;1,820656961
2015;05-06-07;50;1,799918757;1,809782639
2015;06-07-08;50;1,793837084;1,799918757
2015;07-08-09;50;1,790940346;1,793837084
2015;08-09-10;50;1,784092177;1,790940346
2015;09-10-11;50;1,771090831;1,784092177
2015;10-11-12;50;1,751319707;1,771090831
2015;11-12-01;50;1,730634094;1,751319707
2015;12-01-02;50;1,714461902;1,730634094
2016;01-02-03;50;1,701159833;1,714461902
2016;02-03-04;50;1,691685851;1,701159833
2016;03-04-05;50;1,681240911;1,691685851
2016;04-05-06;50;1,670809055;1,681240911
2016;05-06-07;50;1,660231731;1,670809055
2016;06-07-08;50;1,652734764;1,660231731
2016;07-08-09;50;1,645093983;1,652734764
2016;08-09-10;50;1,638618811;1,645093983
2016;09-10-11;50;1,630800006;1,638618811
2016;10-11-12;50;1,621844031;1,630800006
2016;11-12-01;50;1,612780193;1,621844031
2016;12-01-02;50;1,604798403;1,612780193
2017;01-02-03;50;1,59979919;1,604798403
2017;02-03-04;50;1,598450226;1,59979919
2017;03-04-05;50;1,596171391;1,598450226
2017;04-05-06;50;1,596779666;1,596171391
2017;05-06-07;50;1,59795879;1,596779666
2017;06-07-08;50;1,600267164;1,59795879
2017;07-08-09;50;1,598677709;1,600267164
2017;08-09-10;50;1,594145148;1,598677709
2017;09-10-11;50;1,588070053;1,594145148
2017;10-11-12;50;1,582978193;1,588070053
2017;11-12-01;50;1,579061816;1,582978193
2017;12-01-02;50;1,576699989;1,579061816
2018;01-02-03;50;1,57695059;1,576699989
2018;02-03-04;50;1,573882275;1,57695059
2018;03-04-05;50;1,566555772;1,573882275
2018;04-05-06;50;1,552967873;1,566555772
2018;05-06-07;50;1,545211459;1,552967873
2018;06-07-08;50;1,543572484;1,545211459
2018;07-08-09;50;1,544041256;1,543572484
2018;08-09-10;50;1,538947353;1,544041256
2018;09-10-11;50;1,534571779;1,538947353
2018;10-11-12;50;1,532225522;1,534571779
2018;11-12-01;50;1,532465889;1,532225522
2018;12-01-02;50;1,528492154;1,532465889
2019;01-02-03;50;1,521328139;1,528492154
2019;02-03-04;50;1,512564843;1,521328139
2019;03-04-05;50;1,504330101;1,512564843
2019;04-05-06;50;1,498676859;1,504330101
2019;05-06-07;50;1,495687838;1,498676859
2019;06-07-08;50;1,49586455;1,495687838
2019;07-08-09;50;1,497168879;1,49586455
2019;08-09-10;50;1,496903599;1,497168879
2019;09-10-11;50;1,492325941;1,496903599
2019;10-11-12;50;1,481051464;1,492325941
2019;11-12-01;50;1,470803455;1,481051464
2019;12-01-02;50;1,461745209;1,470803455
2020;01-02-03;50;1,456360379;1,461745209
2020;02-03-04;50;1,453715929;1,456360379
2020;03-04-05;50;1,455879201;1,453715929
2020;04-05-06;50;1,459626859;1,455879201
2020;05-06-07;50;1,457697837;1,459626859
2020;06-07-08;50;1,447974182;1,457697837
2020;07-08-09;50;1,433459898;1,447974182
2020;08-09-10;50;1,418281134;1,433459898
2020;09-10-11;50;1,404090844;1,418281134
2020;10-11-12;50;1,388819283;1,404090844
2020;11-12-01;50;1,37551252;1,388819283
2020;12-01-02;50;1,362107071;1,37551252
2021;01-02-03;50;1,351241465;1,362107071
2021;02-03-04;50;1,340779406;1,351241465
2021;03-04-05;50;1,330152639;1,340779406
2021;04-05-06;50;1,320940862;1,330152639
2021;05-06-07;50;1,310410318;1,320940862
2021;06-07-08;50;1,300300343;1,310410318
2021;07-08-09;50;1,287747702;1,300300343
2021;08-09-10;50;1,274195379;1,287747702
2021;09-10-11;50;1,258380039;1,274195379
2021;10-11-12;50;1,24597128;1,258380039
2021;11-12-01;50;1,235480963;1,24597128
2021;12-01-02;50;1,226672463;1,235480963
2022;01-02-03;50;1,212879053;1,226672463
2022;02-03-04;50;1,196912892;1,212879053
2022;03-04-05;50;1,184312066;1,196912892
2022;04-05-06;50;1,17598668;1,184312066
2022;05-06-07;50;1,176159153;1,17598668
2022;06-07-08;50;1,178939319;1,176159153
2022;07-08-09;50;1,185160211;1,178939319
2022;08-09-10;50;1,185766973;1,185160211
2022;09-10-11;50;1,183751517;1,185766973
2022;10-11-12;50;1,179389074;1,183751517
2022;11-12-01;50;1,1744974;1,179389074
2022;12-01-02;50;1,16856999;1,1744974
2023;01-02-03;50;1,161487701;1,16856999
2023;02-03-04;50;1,153328753;1,161487701
2023;03-04-05;50;1,14616935;1,153328753
2023;04-05-06;50;1,142200148;1,14616935
2023;05-06-07;50;1,142066721;1,142200148
2023;06-07-08;50;1,142037183;1,142066721
2023;07-08-09;50;1,13970905;1,142037183
2023;08-09-10;50;1,135882863;1,13970905
2023;09-10-11;50;1,131332127;1,135882863
2023;10-11-12;50;1,126909361;1,131332127
2023;11-12-01;50;1,121752961;1,126909361
2023;12-01-02;50;1,115344282;1,121752961
2024;01-02-03;50;1,110172257;1,115344282
2024;02-03-04;50;1,105480226;1,110172257
2024;03-04-05;50;1,102241405;1,105480226
2024;04-05-06;50;1,098991398;1,102241405
2024;05-06-07;50;1,096011497;1,098991398
2024;06-07-08;50;1,094426203;1,096011497
2024;07-08-09;50;1,091146461;1,094426203
2024;08-09-10;50;1,086368438;1,091146461
2024;09-10-11;50;1,079495072;1,086368438
2024;10-11-12;50;1,073198821;1,079495072
2024;11-12-01;50;1,069304314;1,073198821
2024;12-01-02;50;1,061914018;1,069304314
2025;01-02-03;50;1,054656173;1,061914018
2025;02-03-04;50;1,04551896;1,054656173
2025;03-04-05;50;1,041522083;1,04551896
2025;04-05-06;50;1,0392405;1,041522083
2025;05-06-07;50;1,039707487;1,0392405
2025;06-07-08;50;1,041630456;1,039707487
2025;07-08-09;50;1,041399957;1,041630456
2025;08-09-10;50;1,040771013;1,041399957
2025;09-10-11;50;1,038364683;1,040771013
2025;10-11-12;50;1,037275493;1,038364683
2025;11-12-01;50;1,034272933;1,037275493
2025;12-01-02;50;1,031457783;1,034272933
2026;01-02-03;50;1,02602734;1,031457783
2026;02-03-04;50;1,018781021;1,02602734
2026;03-04-05;50;1,007794321;1,018781021
2026;04-05-06;50;1;1,007794321
2012;01-02-03;51;2,188310779;2,194662345
2012;02-03-04;51;2,183607118;2,188310779
2012;03-04-05;51;2,177053974;2,183607118
2012;04-05-06;51;2,171573224;2,177053974
2012;05-06-07;51;2,164660718;2,171573224
2012;06-07-08;51;2,157414207;2,164660718
2012;07-08-09;51;2,14677835;2,157414207
2012;08-09-10;51;2,134384428;2,14677835
2012;09-10-11;51;2,121600825;2,134384428
2012;10-11-12;51;2,106358513;2,121600825
2012;11-12-01;51;2,09205603;2,106358513
2012;12-01-02;51;2,076705992;2,09205603
2013;01-02-03;51;2,064766863;2,076705992
2013;02-03-04;51;2,055151767;2,064766863
2013;03-04-05;51;2,045804212;2,055151767
2013;04-05-06;51;2,038865543;2,045804212
2013;05-06-07;51;2,035651603;2,038865543
2013;06-07-08;51;2,033119201;2,035651603
2013;07-08-09;51;2,028067186;2,033119201
2013;08-09-10;51;2,017004367;2,028067186
2013;09-10-11;51;2,005272208;2,017004367
2013;10-11-12;51;1,991155794;2,005272208
2013;11-12-01;51;1,979696884;1,991155794
2013;12-01-02;51;1,970162597;1,979696884
2014;01-02-03;51;1,95807374;1,970162597
2014;02-03-04;51;1,94328759;1,95807374
2014;03-04-05;51;1,928948404;1,94328759
2014;04-05-06;51;1,920103032;1,928948404
2014;05-06-07;51;1,916883738;1,920103032
2014;06-07-08;51;1,912801449;1,916883738
2014;07-08-09;51;1,907567781;1,912801449
2014;08-09-10;51;1,89737027;1,907567781
2014;09-10-11;51;1,885033904;1,89737027
2014;10-11-12;51;1,869130814;1,885033904
2014;11-12-01;51;1,850774473;1,869130814
2014;12-01-02;51;1,830970307;1,850774473
2015;01-02-03;51;1,809904536;1,830970307
2015;02-03-04;51;1,79157388;1,809904536
2015;03-04-05;51;1,776160931;1,79157388
2015;04-05-06;51;1,766053103;1,776160931
2015;05-06-07;51;1,756337448;1,766053103
2015;06-07-08;51;1,749151827;1,756337448
2015;07-08-09;51;1,74096407;1,749151827
2015;08-09-10;51;1,729452471;1,74096407
2015;09-10-11;51;1,71213987;1,729452471
2015;10-11-12;51;1,693514867;1,71213987
2015;11-12-01;51;1,67544746;1,693514867
2015;12-01-02;51;1,659869486;1,67544746
2016;01-02-03;51;1,647662229;1,659869486
2016;02-03-04;51;1,63881169;1,647662229
2016;03-04-05;51;1,631571397;1,63881169
2016;04-05-06;51;1,624780721;1,631571397
2016;05-06-07;51;1,617096072;1,624780721
2016;06-07-08;51;1,61038929;1,617096072
2016;07-08-09;51;1,603981292;1,61038929
2016;08-09-10;51;1,599175661;1,603981292
2016;09-10-11;51;1,595518638;1,599175661
2016;10-11-12;51;1,590287288;1,595518638
2016;11-12-01;51;1,584770932;1,590287288
2016;12-01-02;51;1,580241648;1,584770932
2017;01-02-03;51;1,577844758;1,580241648
2017;02-03-04;51;1,576601222;1,577844758
2017;03-04-05;51;1,573385113;1,576601222
2017;04-05-06;51;1,571838158;1,573385113
2017;05-06-07;51;1,570321397;1,571838158
2017;06-07-08;51;1,569077694;1,570321397
2017;07-08-09;51;1,566112557;1,569077694
2017;08-09-10;51;1,559530599;1,566112557
2017;09-10-11;51;1,550341663;1,559530599
2017;10-11-12;51;1,539706567;1,550341663
2017;11-12-01;51;1,533884578;1,539706567
2017;12-01-02;51;1,530908205;1,533884578
2018;01-02-03;51;1,530529883;1,530908205
2018;02-03-04;51;1,529079073;1,530529883
2018;03-04-05;51;1,525849023;1,529079073
2018;04-05-06;51;1,516502222;1,525849023
2018;05-06-07;51;1,507696426;1,516502222
2018;06-07-08;51;1,502143329;1,507696426
2018;07-08-09;51;1,498915868;1,502143329
2018;08-09-10;51;1,493604669;1,498915868
2018;09-10-11;51;1,488368697;1,493604669
2018;10-11-12;51;1,485968121;1,488368697
2018;11-12-01;51;1,48630362;1,485968121
2018;12-01-02;51;1,483723126;1,48630362
2019;01-02-03;51;1,479156774;1,483723126
2019;02-03-04;51;1,471288477;1,479156774
2019;03-04-05;51;1,46421103;1,471288477
2019;04-05-06;51;1,459492668;1,46421103
2019;05-06-07;51;1,458056726;1,459492668
2019;06-07-08;51;1,457800847;1,458056726
2019;07-08-09;51;1,457136672;1,457800847
2019;08-09-10;51;1,456078218;1,457136672
2019;09-10-11;51;1,452396512;1,456078218
2019;10-11-12;51;1,44225974;1,452396512
2019;11-12-01;51;1,432433543;1,44225974
2019;12-01-02;51;1,424074069;1,432433543
2020;01-02-03;51;1,424085625;1,424074069
2020;02-03-04;51;1,42673389;1,424085625
2020;03-04-05;51;1,432286952;1,42673389
2020;04-05-06;51;1,435168194;1,432286952
2020;05-06-07;51;1,433723492;1,435168194
2020;06-07-08;51;1,427397359;1,433723492
2020;07-08-09;51;1,418331595;1,427397359
2020;08-09-10;51;1,406742762;1,418331595
2020;09-10-11;51;1,394226829;1,406742762
2020;10-11-12;51;1,379982684;1,394226829
2020;11-12-01;51;1,369947545;1,379982684
2020;12-01-02;51;1,35990609;1,369947545
2021;01-02-03;51;1,349360288;1,35990609
2021;02-03-04;51;1,33826559;1,349360288
2021;03-04-05;51;1,32857438;1,33826559
2021;04-05-06;51;1,322983651;1,32857438
2021;05-06-07;51;1,314411612;1,322983651
2021;06-07-08;51;1,303705825;1,314411612
2021;07-08-09;51;1,291171351;1,303705825
2021;08-09-10;51;1,276836236;1,291171351
2021;09-10-11;51;1,262076577;1,276836236
2021;10-11-12;51;1,249054495;1,262076577
2021;11-12-01;51;1,239047658;1,249054495
2021;12-01-02;51;1,230448913;1,239047658
2022;01-02-03;51;1,21677948;1,230448913
2022;02-03-04;51;1,201724134;1,21677948
2022;03-04-05;51;1,1893386;1,201724134
2022;04-05-06;51;1,181463669;1,1893386
2022;05-06-07;51;1,1835476;1,181463669
2022;06-07-08;51;1,188110841;1,1835476
2022;07-08-09;51;1,196391634;1,188110841
2022;08-09-10;51;1,196143225;1,196391634
2022;09-10-11;51;1,191348722;1,196143225
2022;10-11-12;51;1,18354115;1,191348722
2022;11-12-01;51;1,176946946;1,18354115
2022;12-01-02;51;1,171096726;1,176946946
2023;01-02-03;51;1,16337704;1,171096726
2023;02-03-04;51;1,154267745;1,16337704
2023;03-04-05;51;1,147019928;1,154267745
2023;04-05-06;51;1,145882883;1,147019928
2023;05-06-07;51;1,146828941;1,145882883
2023;06-07-08;51;1,147196687;1,146828941
2023;07-08-09;51;1,144682655;1,147196687
2023;08-09-10;51;1,140416846;1,144682655
2023;09-10-11;51;1,136076087;1,140416846
2023;10-11-12;51;1,130191637;1,136076087
2023;11-12-01;51;1,125353519;1,130191637
2023;12-01-02;51;1,119477006;1,125353519
2024;01-02-03;51;1,114738173;1,119477006
2024;02-03-04;51;1,10997971;1,114738173
2024;03-04-05;51;1,107013951;1,10997971
2024;04-05-06;51;1,103658967;1,107013951
2024;05-06-07;51;1,100294437;1,103658967
2024;06-07-08;51;1,098176621;1,100294437
2024;07-08-09;51;1,094862966;1,098176621
2024;08-09-10;51;1,090248619;1,094862966
2024;09-10-11;51;1,083586017;1,090248619
2024;10-11-12;51;1,0775225;1,083586017
2024;11-12-01;51;1,07343996;1,0775225
2024;12-01-02;51;1,066136693;1,07343996
2025;01-02-03;51;1,059669969;1,066136693
2025;02-03-04;51;1,05325062;1,059669969
2025;03-04-05;51;1,049562701;1,05325062
2025;04-05-06;51;1,046654025;1,049562701
2025;05-06-07;51;1,044781283;1,046654025
2025;06-07-08;51;1,045471451;1,044781283
2025;07-08-09;51;1,044453287;1,045471451
2025;08-09-10;51;1,04155459;1,044453287
2025;09-10-11;51;1,036799155;1,04155459
2025;10-11-12;51;1,032956359;1,036799155
2025;11-12-01;51;1,029665192;1,032956359
2025;12-01-02;51;1,025646311;1,029665192
2026;01-02-03;51;1,020523091;1,025646311
2026;02-03-04;51;1,013821053;1,020523091
2026;03-04-05;51;1,006284506;1,013821053
2026;04-05-06;51;1;1,006284506
2012;01-02-03;52;2,199192288;2,203536946
2012;02-03-04;52;2,195981767;2,199192288
2012;03-04-05;52;2,189438394;2,195981767
2012;04-05-06;52;2,182741235;2,189438394
2012;05-06-07;52;2,173800633;2,182741235
2012;06-07-08;52;2,165893473;2,173800633
2012;07-08-09;52;2,154105849;2,165893473
2012;08-09-10;52;2,140493256;2,154105849
2012;09-10-11;52;2,126140417;2,140493256
2012;10-11-12;52;2,111252989;2,126140417
2012;11-12-01;52;2,096387341;2,111252989
2012;12-01-02;52;2,081801191;2,096387341
2013;01-02-03;52;2,069244834;2,081801191
2013;02-03-04;52;2,060667802;2,069244834
2013;03-04-05;52;2,051053761;2,060667802
2013;04-05-06;52;2,044688926;2,051053761
2013;05-06-07;52;2,04200109;2,044688926
2013;06-07-08;52;2,040363055;2,04200109
2013;07-08-09;52;2,036826533;2,040363055
2013;08-09-10;52;2,025582681;2,036826533
2013;09-10-11;52;2,013563393;2,025582681
2013;10-11-12;52;1,998865489;2,013563393
2013;11-12-01;52;1,986309168;1,998865489
2013;12-01-02;52;1,974813992;1,986309168
2014;01-02-03;52;1,962472664;1,974813992
2014;02-03-04;52;1,94869862;1,962472664
2014;03-04-05;52;1,93498084;1,94869862
2014;04-05-06;52;1,92530367;1,93498084
2014;05-06-07;52;1,920849424;1,92530367
2014;06-07-08;52;1,91703728;1,920849424
2014;07-08-09;52;1,913926911;1,91703728
2014;08-09-10;52;1,906047226;1,913926911
2014;09-10-11;52;1,892506199;1,906047226
2014;10-11-12;52;1,873165429;1,892506199
2014;11-12-01;52;1,851257718;1,873165429
2014;12-01-02;52;1,828387984;1,851257718
2015;01-02-03;52;1,803911218;1,828387984
2015;02-03-04;52;1,783860454;1,803911218
2015;03-04-05;52;1,768816529;1,783860454
2015;04-05-06;52;1,760934622;1,768816529
2015;05-06-07;52;1,751322175;1,760934622
2015;06-07-08;52;1,743805454;1,751322175
2015;07-08-09;52;1,733717856;1,743805454
2015;08-09-10;52;1,721751936;1,733717856
2015;09-10-11;52;1,703051719;1,721751936
2015;10-11-12;52;1,683885697;1,703051719
2015;11-12-01;52;1,664848196;1,683885697
2015;12-01-02;52;1,649427933;1,664848196
2016;01-02-03;52;1,635495064;1,649427933
2016;02-03-04;52;1,625255256;1,635495064
2016;03-04-05;52;1,617910043;1,625255256
2016;04-05-06;52;1,611493957;1,617910043
2016;05-06-07;52;1,603593545;1,611493957
2016;06-07-08;52;1,595727846;1,603593545
2016;07-08-09;52;1,589003922;1,595727846
2016;08-09-10;52;1,584572442;1,589003922
2016;09-10-11;52;1,583290244;1,584572442
2016;10-11-12;52;1,582723928;1,583290244
2016;11-12-01;52;1,583046065;1,582723928
2016;12-01-02;52;1,583780174;1,583046065
2017;01-02-03;52;1,583321611;1,583780174
2017;02-03-04;52;1,58316517;1,583321611
2017;03-04-05;52;1,580135483;1,58316517
2017;04-05-06;52;1,578742997;1,580135483
2017;05-06-07;52;1,576118921;1,578742997
2017;06-07-08;52;1,574483029;1,576118921
2017;07-08-09;52;1,572455032;1,574483029
2017;08-09-10;52;1,564469537;1,572455032
2017;09-10-11;52;1,551410833;1,564469537
2017;10-11-12;52;1,536270479;1,551410833
2017;11-12-01;52;1,528673481;1,536270479
2017;12-01-02;52;1,525618465;1,528673481
2018;01-02-03;52;1,524921098;1,525618465
2018;02-03-04;52;1,525390324;1,524921098
2018;03-04-05;52;1,523535888;1,525390324
2018;04-05-06;52;1,515467318;1,523535888
2018;05-06-07;52;1,506860293;1,515467318
2018;06-07-08;52;1,499435924;1,506860293
2018;07-08-09;52;1,495769607;1,499435924
2018;08-09-10;52;1,489123042;1,495769607
2018;09-10-11;52;1,483404718;1,489123042
2018;10-11-12;52;1,480251124;1,483404718
2018;11-12-01;52;1,480664095;1,480251124
2018;12-01-02;52;1,477370059;1,480664095
2019;01-02-03;52;1,473369657;1,477370059
2019;02-03-04;52;1,465517293;1,473369657
2019;03-04-05;52;1,459600639;1,465517293
2019;04-05-06;52;1,454785837;1,459600639
2019;05-06-07;52;1,4540241;1,454785837
2019;06-07-08;52;1,455043513;1,4540241
2019;07-08-09;52;1,453570518;1,455043513
2019;08-09-10;52;1,450718665;1,453570518
2019;09-10-11;52;1,445008325;1,450718665
2019;10-11-12;52;1,434577209;1,445008325
2019;11-12-01;52;1,424156151;1,434577209
2019;12-01-02;52;1,416280551;1,424156151
2020;01-02-03;52;1,418495422;1,416280551
2020;02-03-04;52;1,423704889;1,418495422
2020;03-04-05;52;1,43101831;1,423704889
2020;04-05-06;52;1,434294935;1,43101831
2020;05-06-07;52;1,433836152;1,434294935
2020;06-07-08;52;1,429024516;1,433836152
2020;07-08-09;52;1,419840898;1,429024516
2020;08-09-10;52;1,407883169;1,419840898
2020;09-10-11;52;1,392590766;1,407883169
2020;10-11-12;52;1,376584798;1,392590766
2020;11-12-01;52;1,365501558;1,376584798
2020;12-01-02;52;1,357340621;1,365501558
2021;01-02-03;52;1,348108624;1,357340621
2021;02-03-04;52;1,337337478;1,348108624
2021;03-04-05;52;1,326514262;1,337337478
2021;04-05-06;52;1,319767181;1,326514262
2021;05-06-07;52;1,309927315;1,319767181
2021;06-07-08;52;1,299027864;1,309927315
2021;07-08-09;52;1,287101914;1,299027864
2021;08-09-10;52;1,272700707;1,287101914
2021;09-10-11;52;1,257059161;1,272700707
2021;10-11-12;52;1,242618565;1,257059161
2021;11-12-01;52;1,23150762;1,242618565
2021;12-01-02;52;1,222392665;1,23150762
2022;01-02-03;52;1,207245652;1,222392665
2022;02-03-04;52;1,192095783;1,207245652
2022;03-04-05;52;1,179317803;1,192095783
2022;04-05-06;52;1,172722089;1,179317803
2022;05-06-07;52;1,177624241;1,172722089
2022;06-07-08;52;1,185269763;1,177624241
2022;07-08-09;52;1,196320993;1,185269763
2022;08-09-10;52;1,196723276;1,196320993
2022;09-10-11;52;1,192096918;1,196723276
2022;10-11-12;52;1,184108433;1,192096918
2022;11-12-01;52;1,177326633;1,184108433
2022;12-01-02;52;1,170941819;1,177326633
2023;01-02-03;52;1,16276882;1,170941819
2023;02-03-04;52;1,152631663;1,16276882
2023;03-04-05;52;1,145241281;1,152631663
2023;04-05-06;52;1,145459406;1,145241281
2023;05-06-07;52;1,148007696;1,145459406
2023;06-07-08;52;1,150693174;1,148007696
2023;07-08-09;52;1,150026595;1,150693174
2023;08-09-10;52;1,146935457;1,150026595
2023;09-10-11;52;1,14313349;1,146935457
2023;10-11-12;52;1,137290564;1,14313349
2023;11-12-01;52;1,131172627;1,137290564
2023;12-01-02;52;1,124333221;1,131172627
2024;01-02-03;52;1,117834647;1,124333221
2024;02-03-04;52;1,113699351;1,117834647
2024;03-04-05;52;1,111701593;1,113699351
2024;04-05-06;52;1,109203759;1,111701593
2024;05-06-07;52;1,106007529;1,109203759
2024;06-07-08;52;1,104473645;1,106007529
2024;07-08-09;52;1,100800533;1,104473645
2024;08-09-10;52;1,095798651;1,100800533
2024;09-10-11;52;1,087533252;1,095798651
2024;10-11-12;52;1,080317568;1,087533252
2024;11-12-01;52;1,076114273;1,080317568
2024;12-01-02;52;1,069269313;1,076114273
2025;01-02-03;52;1,064180854;1,069269313
2025;02-03-04;52;1,058516404;1,064180854
2025;03-04-05;52;1,055193959;1,058516404
2025;04-05-06;52;1,052429268;1,055193959
2025;05-06-07;52;1,050683406;1,052429268
2025;06-07-08;52;1,052057054;1,050683406
2025;07-08-09;52;1,051357223;1,052057054
2025;08-09-10;52;1,046808018;1,051357223
2025;09-10-11;52;1,039379309;1,046808018
2025;10-11-12;52;1,033795027;1,039379309
2025;11-12-01;52;1,030742827;1,033795027
2025;12-01-02;52;1,026820071;1,030742827
2026;01-02-03;52;1,022336265;1,026820071
2026;02-03-04;52;1,014832768;1,022336265
2026;03-04-05;52;1,007137094;1,014832768
2026;04-05-06;52;1;1,007137094
2012;01-02-03;53;2,13768793;2,146434212
2012;02-03-04;53;2,131204292;2,13768793
2012;03-04-05;53;2,124754897;2,131204292
2012;04-05-06;53;2,120885128;2,124754897
2012;05-06-07;53;2,116626896;2,120885128
2012;06-07-08;53;2,110329736;2,116626896
2012;07-08-09;53;2,101315672;2,110329736
2012;08-09-10;53;2,0906588;2,101315672
2012;09-10-11;53;2,080062931;2,0906588
2012;10-11-12;53;2,064634588;2,080062931
2012;11-12-01;53;2,051285678;2,064634588
2012;12-01-02;53;2,035244082;2,051285678
2013;01-02-03;53;2,024287967;2,035244082
2013;02-03-04;53;2,013536731;2,024287967
2013;03-04-05;53;2,004681918;2,013536731
2013;04-05-06;53;1,997141707;2,004681918
2013;05-06-07;53;1,993323187;1,997141707
2013;06-07-08;53;1,98971492;1,993323187
2013;07-08-09;53;1,982854507;1,98971492
2013;08-09-10;53;1,972210862;1,982854507
2013;09-10-11;53;1,961041575;1,972210862
2013;10-11-12;53;1,947897069;1,961041575
2013;11-12-01;53;1,938297776;1,947897069
2013;12-01-02;53;1,933048135;1,938297776
2014;01-02-03;53;1,922011398;1,933048135
2014;02-03-04;53;1,906691057;1,922011398
2014;03-04-05;53;1,891323724;1,906691057
2014;04-05-06;53;1,884427679;1,891323724
2014;05-06-07;53;1,882860383;1,884427679
2014;06-07-08;53;1,876767584;1,882860383
2014;07-08-09;53;1,868044984;1,876767584
2014;08-09-10;53;1,855080693;1,868044984
2014;09-10-11;53;1,845293428;1,855080693
2014;10-11-12;53;1,833562756;1,845293428
2014;11-12-01;53;1,820041834;1,833562756
2014;12-01-02;53;1,804128405;1,820041834
2015;01-02-03;53;1,788953345;1,804128405
2015;02-03-04;53;1,773510811;1,788953345
2015;03-04-05;53;1,760165575;1,773510811
2015;04-05-06;53;1,747647492;1,760165575
2015;05-06-07;53;1,737910055;1,747647492
2015;06-07-08;53;1,730599727;1,737910055
2015;07-08-09;53;1,722115112;1,730599727
2015;08-09-10;53;1,708806235;1,722115112
2015;09-10-11;53;1,691101578;1,708806235
2015;10-11-12;53;1,67379436;1,691101578
2015;11-12-01;53;1,658356388;1,67379436
2015;12-01-02;53;1,642909264;1,658356388
2016;01-02-03;53;1,633495056;1,642909264
2016;02-03-04;53;1,626763853;1,633495056
2016;03-04-05;53;1,621337727;1,626763853
2016;04-05-06;53;1,615974106;1,621337727
2016;05-06-07;53;1,610091162;1,615974106
2016;06-07-08;53;1,605303396;1,610091162
2016;07-08-09;53;1,599959028;1,605303396
2016;08-09-10;53;1,595552563;1,599959028
2016;09-10-11;53;1,591028452;1,595552563
2016;10-11-12;53;1,581775518;1,591028452
2016;11-12-01;53;1,570707597;1,581775518
2016;12-01-02;53;1,561357915;1,570707597
2017;01-02-03;53;1,557896399;1,561357915
2017;02-03-04;53;1,555349137;1,557896399
2017;03-04-05;53;1,551415919;1,555349137
2017;04-05-06;53;1,548556414;1,551415919
2017;05-06-07;53;1,547027226;1,548556414
2017;06-07-08;53;1,544435732;1,547027226
2017;07-08-09;53;1,539589405;1,544435732
2017;08-09-10;53;1,533731085;1,539589405
2017;09-10-11;53;1,527826596;1,533731085
2017;10-11-12;53;1,5200773;1,527826596
2017;11-12-01;53;1,515538467;1,5200773
2017;12-01-02;53;1,512350504;1,515538467
2018;01-02-03;53;1,512054963;1,512350504
2018;02-03-04;53;1,509010505;1,512054963
2018;03-04-05;53;1,506171755;1,509010505
2018;04-05-06;53;1,497441502;1,506171755
2018;05-06-07;53;1,487859676;1,497441502
2018;06-07-08;53;1,482676029;1,487859676
2018;07-08-09;53;1,478127867;1,482676029
2018;08-09-10;53;1,474428433;1,478127867
2018;09-10-11;53;1,469375043;1,474428433
2018;10-11-12;53;1,467914083;1,469375043
2018;11-12-01;53;1,468207403;1,467914083
2018;12-01-02;53;1,467269785;1,468207403
2019;01-02-03;53;1,463359554;1,467269785
2019;02-03-04;53;1,455968615;1,463359554
2019;03-04-05;53;1,448039633;1,455968615
2019;04-05-06;53;1,443938771;1,448039633
2019;05-06-07;53;1,442460498;1,443938771
2019;06-07-08;53;1,440365571;1,442460498
2019;07-08-09;53;1,439713526;1,440365571
2019;08-09-10;53;1,440532049;1,439713526
2019;09-10-11;53;1,439915845;1,440532049
2019;10-11-12;53;1,430760909;1,439915845
2019;11-12-01;53;1,42192674;1,430760909
2019;12-01-02;53;1,413320913;1,42192674
2020;01-02-03;53;1,413339571;1,413320913
2020;02-03-04;53;1,415510201;1,413339571
2020;03-04-05;53;1,420626826;1,415510201
2020;04-05-06;53;1,422549283;1,420626826
2020;05-06-07;53;1,420110905;1,422549283
2020;06-07-08;53;1,413657945;1,420110905
2020;07-08-09;53;1,407631485;1,413657945
2020;08-09-10;53;1,398437529;1,407631485
2020;09-10-11;53;1,390384459;1,398437529
2020;10-11-12;53;1,378968693;1,390384459
2020;11-12-01;53;1,372068152;1,378968693
2020;12-01-02;53;1,361429526;1,372068152
2021;01-02-03;53;1,349383426;1,361429526
2021;02-03-04;53;1,337545139;1,349383426
2021;03-04-05;53;1,329819404;1,337545139
2021;04-05-06;53;1,327684652;1,329819404
2021;05-06-07;53;1,32183083;1,327684652
2021;06-07-08;53;1,311060797;1,32183083
2021;07-08-09;53;1,2977587;1,311060797
2021;08-09-10;53;1,283096007;1,2977587
2021;09-10-11;53;1,270062099;1,283096007
2021;10-11-12;53;1,258556672;1,270062099
2021;11-12-01;53;1,25025682;1,258556672
2021;12-01-02;53;1,242450172;1,25025682
2022;01-02-03;53;1,230786683;1,242450172
2022;02-03-04;53;1,216369367;1,230786683
2022;03-04-05;53;1,204630556;1,216369367
2022;04-05-06;53;1,195336816;1,204630556
2022;05-06-07;53;1,194797366;1,195336816
2022;06-07-08;53;1,196358538;1,194797366
2022;07-08-09;53;1,202218386;1,196358538
2022;08-09-10;53;1,200665908;1,202218386
2022;09-10-11;53;1,194144388;1,200665908
2022;10-11-12;53;1,184708839;1,194144388
2022;11-12-01;53;1,177444514;1,184708839
2022;12-01-02;53;1,172325694;1,177444514
2023;01-02-03;53;1,164848629;1,172325694
2023;02-03-04;53;1,156554118;1,164848629
2023;03-04-05;53;1,149446285;1,156554118
2023;04-05-06;53;1,148103553;1,149446285
2023;05-06-07;53;1,147586272;1,148103553
2023;06-07-08;53;1,145216942;1,147586272
2023;07-08-09;53;1,140256425;1,145216942
2023;08-09-10;53;1,134275382;1,140256425
2023;09-10-11;53;1,129371826;1,134275382
2023;10-11-12;53;1,122653652;1,129371826
2023;11-12-01;53;1,119620198;1,122653652
2023;12-01-02;53;1,115272566;1,119620198
2024;01-02-03;53;1,113036965;1,115272566
2024;02-03-04;53;1,107450673;1,113036965
2024;03-04-05;53;1,10340149;1,107450673
2024;04-05-06;53;1,098906886;1,10340149
2024;05-06-07;53;1,095125782;1,098906886
2024;06-07-08;53;1,091985177;1,095125782
2024;07-08-09;53;1,089120879;1,091985177
2024;08-09-10;53;1,085098208;1,089120879
2024;09-10-11;53;1,080601099;1,085098208
2024;10-11-12;53;1,07613561;1,080601099
2024;11-12-01;53;1,072113739;1,07613561
2024;12-01-02;53;1,064280084;1,072113739
2025;01-02-03;53;1,056493176;1,064280084
2025;02-03-04;53;1,05058753;1,056493176
2025;03-04-05;53;1,046607709;1,05058753
2025;04-05-06;53;1,043181251;1,046607709
2025;05-06-07;53;1,039889146;1,043181251
2025;06-07-08;53;1,039050108;1,039889146
2025;07-08-09;53;1,037211133;1,039050108
2025;08-09-10;53;1,035190734;1,037211133
2025;09-10-11;53;1,032586693;1,035190734
2025;10-11-12;53;1,029509919;1,032586693
2025;11-12-01;53;1,025761564;1,029509919
2025;12-01-02;53;1,020980729;1,025761564
2026;01-02-03;53;1,015211038;1,020980729
2026;02-03-04;53;1,009831327;1,015211038
2026;03-04-05;53;1,00435833;1,009831327
2026;04-05-06;53;1;1,00435833
